MO,ADM,BFB,CPB,CHD,KO,CL,CAG,STZ,COST,COTY,CVS,DPS,EL,GIS,HRL,SJM,K,KMB,KHC,KR,MKC,TAP,MDLZ,MNST,PEP,PM,PG,SYY,CLX,HSY,TSN,WMT,WBA,ABT,ABBV,AET,AGN,ABC,BAX,BDX,BMY,CERN,DHR,DVA,XRAY,EW,EVHC,ESRX,HCA,HSIC,IDXX,IQV,JNJ,LH,LLY,MDT,MRK,MTD,PDCO,PRGO,PFE,DGX,RMD,COO,ZBH,ZTS,T,CTL,VZ,LNT,AWK,ED,D,DTE,ES,NI,NRG,SCG,SO,WEC
57.042244,35.647274,1.9287488,53.750275,79.51671,41.673935,69.31515,39.043617,134.6622,141.56955,22.985584,87.54288,81.95241,76.522,54.680935,71.72523,115.516655,69.22868,120.090385,59.42155,37.53103,79.73993,83.65484,41.258175,125.95048,92.80526,84.46631,75.35079,38.826584,120.3878,83.50519,48.108635,65.447044,75.027374,39.478497,55.358963,100.04533,266.4454,88.06202,37.985455,133.82202,57.96162,60.232162,84.99349,68.17571,57.780495,74.20378,24.677689,74.06265,60.23838,140.8768,70.21318,62.718014,97.36175,105.4446,71.68514,70.57382,50.979073,291.7474,38.694782,142.39189,29.842627,63.732838,53.499184,128.16197,94.2454,45.431,32.371452,1.4084233,46.288406,59.687325,56.550896,64.20035,67.46122,77.86503,49.26138,21.351723,12.662216,58.02563,46.302025,51.494568
57.24082,35.405933,2.0894716,53.968407,80.53906,42.000557,69.32378,39.04103,136.34705,143.03235,22.921387,88.39947,83.32042,77.656906,55.522854,73.03005,117.10343,69.763695,121.02129,60.810352,38.11427,80.75505,85.07202,41.375683,127.99528,93.08169,85.285995,77.73477,39.415405,121.87347,84.32274,48.74177,64.645874,75.18525,39.64074,55.631428,101.36626,271.17343,88.77491,37.466496,135.73361,58.474895,61.181244,85.643456,67.989136,57.74951,73.08713,24.161453,75.13826,60.520817,142.89154,70.82592,63.162983,97.186035,106.872765,73.21092,71.19575,50.657818,296.7541,39.11641,144.07184,29.607864,64.013885,53.827503,128.01132,95.221344,45.28735,32.75372,1.3656539,46.128166,60.27804,56.969376,64.68672,68.22462,78.07968,49.360573,20.89835,12.312145,58.114674,46.315926,51.828785
58.393394,36.079494,1.9375722,54.022636,79.66751,42.326412,70.31307,39.175194,135.02495,142.59158,23.397152,89.5311,83.27528,76.881454,55.397694,72.20031,116.76626,70.0888,120.960205,59.247574,38.18421,79.85263,83.899284,41.862667,127.45852,93.46775,84.7823,77.71594,39.4957,121.36378,84.79928,48.27457,65.01735,75.44639,39.91444,55.679264,100.78631,269.00894,88.39551,38.53765,135.73631,58.79449,60.8873,86.22675,68.16581,58.127254,75.50367,25.092558,75.73446,60.673573,142.73752,72.43182,63.17559,96.91143,106.53322,72.22198,71.07983,50.889835,295.10455,39.229,144.01938,29.600067,64.272514,53.969498,129.19328,95.88415,45.595062,32.757816,1.4013656,46.617355,60.340977,57.0179,65.10677,68.05553,78.39754,49.07659,21.47569,13.73526,58.311825,46.019005,50.928608
57.732513,35.893066,1.8048694,53.558655,79.04257,41.46313,69.46587,38.91953,133.96472,141.55899,23.405418,88.45264,82.35761,75.35541,54.347576,71.15223,115.873344,69.2009,118.94709,59.490643,37.144592,79.31655,81.819824,41.4263,126.26008,92.51392,83.87605,76.13406,38.718727,119.43707,83.57216,47.84281,63.203175,74.74012,39.403397,54.856354,99.38488,264.2727,87.470955,37.71867,134.09158,57.94106,59.959465,84.89116,68.12512,57.834915,76.01268,24.697647,74.45153,59.783443,140.69122,69.89541,62.327408,95.52096,104.99793,71.711464,69.85752,50.255512,290.38882,38.34194,141.16252,29.147043,63.292526,53.755253,127.05777,94.78459,45.115086,32.57073,1.3363303,46.404446,59.36699,56.373684,64.142395,66.713135,77.149895,47.961395,20.901913,13.100811,57.645874,45.131382,50.201294
58.01772,34.601383,1.6141164,53.08921,81.00854,42.12625,69.64984,38.878063,135.72934,143.38974,22.791943,90.15675,82.98131,76.550224,53.73775,71.436005,118.46502,69.35725,119.790825,61.89619,38.091564,79.9525,84.10829,42.337173,128.44281,92.02344,86.07196,77.65718,39.07519,121.2132,84.87916,49.082314,61.909126,74.988144,38.353363,55.158127,100.873726,269.28754,88.36852,36.832386,135.65494,57.994217,60.172672,85.283516,67.95828,57.30172,78.15897,24.330187,75.35748,59.7329,143.07043,72.50015,62.982513,93.66899,106.08872,73.14286,69.87802,49.71009,294.8893,39.66583,142.8533,29.559343,64.39155,53.050694,126.412155,95.34176,44.86612,32.835472,0.9583944,46.940594,59.593807,56.228493,65.455696,69.1376,77.681786,47.919197,20.26581,12.26046,57.895702,45.230957,50.079506
58.439663,35.61988,1.5424297,53.54145,82.05405,43.08346,69.80438,39.268044,137.33363,145.62604,23.29029,91.55138,84.16713,77.524536,53.885036,72.27371,119.511986,70.21848,121.17376,62.540916,38.510174,80.39259,85.30715,43.310135,130.90948,93.772285,86.94022,77.77675,39.548676,122.79547,85.67949,49.683025,62.5214,76.21493,38.9821,55.65769,101.6076,273.46927,89.88028,37.415043,137.845,59.04899,60.08405,85.93713,67.78323,58.259205,80.1103,25.324345,76.08493,60.533176,144.85107,73.394905,64.04981,94.83268,107.946754,74.248405,70.694084,50.635532,299.00198,40.378273,144.01846,30.082582,64.96231,52.729755,127.56644,96.976845,45.31093,33.34149,1.0698394,47.33725,60.12929,56.851852,66.05574,69.591255,78.56722,48.47761,20.456652,12.433712,59.099583,45.826073,50.817123
58.54323,36.114494,1.6110418,54.2491,82.936554,43.74885,69.9537,39.5884,139.03485,147.63733,23.443707,92.39533,85.52091,78.69662,54.49493,73.59014,120.99613,70.5425,122.21933,63.67888,39.051273,81.31099,86.21776,43.58899,132.64275,95.13206,88.115326,78.72049,40.037766,123.9016,86.1782,50.201515,63.179913,76.99328,39.900547,56.06635,103.667305,276.608,91.1,37.732376,139.41786,60.0207,60.644215,87.15763,68.623375,59.15438,81.25341,25.455479,77.35305,61.378345,146.46616,73.366005,65.17146,95.850845,109.682495,75.74287,71.405815,51.068317,302.82272,41.148712,144.99689,30.572058,66.00243,52.948994,127.94706,98.66863,45.466984,33.81326,1.0207571,47.848793,60.64628,57.35531,66.52469,69.70417,78.93566,48.89599,20.264536,11.811192,59.59647,45.867725,50.893246
58.82476,36.281895,1.358566,54.424587,81.7428,43.85397,70.46226,39.403152,137.89595,146.85486,23.94551,92.154335,84.72365,77.70448,54.159508,72.842155,120.28741,70.24582,121.24585,62.82054,38.53763,80.44341,84.976135,43.787086,131.4721,95.173134,87.66597,77.63811,39.626396,122.648155,85.08001,49.35226,63.4466,76.801125,40.00936,55.83333,102.93614,271.46774,90.36271,37.406837,138.26216,59.817257,60.27813,87.27371,68.88078,59.445557,82.878334,24.9513,76.76394,60.41544,145.1954,72.48462,64.33261,95.96409,108.17083,74.42885,71.23655,50.62471,298.16608,40.686768,142.83904,30.420256,65.58521,52.792004,127.6587,97.906136,45.495476,33.714626,1.0130409,47.992184,60.21216,56.881798,66.39234,69.179054,78.92731,48.53919,20.5618,12.073059,59.61272,45.767517,50.770737
58.466835,35.873875,1.617933,54.524155,81.78764,43.29504,70.62079,39.37154,138.81293,147.71521,23.956451,91.84468,85.90933,78.25731,54.998615,73.08351,120.53952,70.39469,121.47763,63.600815,38.276146,81.17462,85.79782,43.09455,132.03964,95.26612,87.70471,77.94206,39.769653,123.247826,85.37414,49.639355,63.253853,77.065544,40.29819,56.1868,103.56227,273.6378,90.56988,37.247066,138.97003,60.163544,60.01994,87.60489,69.294044,59.473736,83.508736,24.516365,77.46952,60.633568,146.00278,72.24928,64.440384,96.2744,109.169975,75.00084,71.40486,50.672245,301.24396,40.212654,142.79683,30.399126,66.23145,53.720253,127.64527,98.51149,45.866455,33.638866,1.3212818,47.7223,60.54265,57.334003,66.0109,68.69972,78.76144,48.624973,20.018139,11.305035,59.553867,45.55277,50.560345
58.584473,36.407913,1.6691196,54.677067,82.37157,43.77946,70.94158,39.57877,139.52597,149.35547,24.088142,92.75566,86.57197,78.95905,55.490593,73.53862,121.250206,70.94943,122.39081,63.900692,38.743057,81.60144,86.85273,43.424294,133.50133,96.16033,88.262955,78.075966,39.92279,124.05272,86.05186,50.0728,63.751392,77.98406,40.640877,56.600834,104.08575,276.94565,91.64665,37.93753,140.22372,60.906353,60.202538,88.37045,69.335464,59.67577,85.43325,24.991667,78.6061,61.233295,147.391,73.69875,64.878494,96.96749,110.5451,75.701515,71.90502,51.17059,304.7997,40.49859,144.09169,30.746778,67.228584,53.58746,128.79413,99.54278,46.202576,33.794758,1.3628114,47.845184,61.07652,57.942337,66.16652,68.986694,79.519516,49.13468,20.086742,11.19389,60.078846,45.811962,50.796658
58.30279,36.930424,1.7574155,54.88807,82.16837,43.76797,70.8316,39.713535,138.74947,148.77809,24.077717,92.073555,86.03287,78.83781,55.54624,73.183815,120.279884,70.834625,122.26438,63.39456,38.074448,81.39001,86.21956,43.250328,132.48633,96.298225,87.75239,77.08751,39.832344,123.56919,86.26817,49.85604,64.44622,78.34791,40.85555,56.406857,103.77749,275.1215,91.81068,38.186813,139.47824,60.628475,60.318966,88.52176,69.85092,59.89171,86.72356,25.579733,78.291985,61.38037,146.72679,73.35188,64.875145,97.68429,110.30682,74.962776,71.728004,51.568726,302.47067,40.099365,144.0103,30.881678,66.96753,53.478058,129.45401,99.2947,46.20544,33.68905,1.5101775,47.77689,60.92394,57.890636,65.718094,68.471306,79.46553,49.363827,20.212862,11.104801,60.12309,45.796867,50.797096
58.612213,36.83878,1.6875684,54.818794,82.61079,44.25636,71.16198,39.529137,139.53902,149.70102,23.954416,92.68663,86.31154,79.20711,55.724205,73.45645,121.13234,70.856,122.76039,64.133606,38.199257,81.86978,86.99608,43.46175,133.25685,96.43791,88.639305,77.94188,39.96154,123.9806,86.51368,49.85179,64.26005,78.47956,40.855396,56.30913,104.52575,275.97275,91.65767,37.970158,140.15115,60.875473,60.817673,89.12068,70.1047,60.051743,88.27732,25.054228,78.86959,61.149555,147.5245,74.055626,64.91104,97.52481,110.883644,75.628716,71.96145,51.146107,303.19144,40.48771,144.60437,30.950739,67.24853,53.38562,129.1451,99.438545,45.794197,34.064983,1.3685044,48.150196,61.12124,57.701378,66.23783,69.118385,79.70289,49.411423,19.979982,10.908089,60.20069,45.717476,50.857597
59.18803,37.256702,1.6023271,55.33948,83.83086,45.385788,71.62334,39.890984,141.64433,151.76532,24.145363,94.207886,87.506516,80.57526,56.100677,74.2393,122.75484,71.60617,124.234314,65.20091,38.78557,82.683624,88.85651,44.38997,135.26418,97.61707,90.14035,79.16519,40.85582,125.841705,87.58779,50.632042,64.71106,79.603325,41.474438,56.723423,106.126205,280.09048,92.769936,38.230297,142.21942,61.90521,61.450108,90.22754,70.64528,61.01471,90.15719,25.513973,79.98581,61.787136,149.78627,75.79767,66.045616,98.52244,113.02853,76.85725,72.74935,51.75574,307.28305,41.161964,146.59865,31.609228,68.072075,53.3519,130.29501,100.94209,45.95817,34.690334,1.3495353,49.009533,61.778572,58.310867,67.2301,70.49495,80.67658,50.053856,20.081463,10.98716,61.038612,46.241867,51.193592
58.710403,37.297535,1.7290723,54.890877,83.37482,44.868423,70.22344,39.93743,140.34068,150.80663,24.419237,93.818665,87.21304,80.53485,55.10858,73.39835,120.91833,71.31683,123.24717,65.795975,37.841133,81.669464,88.377464,44.72287,135.26062,97.352844,88.48518,76.86613,40.42861,124.663605,86.64529,49.97463,63.63109,79.63729,41.012196,55.77328,104.62464,279.44843,93.04485,37.231014,141.16977,61.623257,60.55653,89.08206,69.32088,60.233826,91.6514,26.646317,78.50077,62.338886,148.30473,73.87788,66.36222,97.36602,112.22755,76.5837,71.998146,51.793686,305.06772,41.31797,145.99243,31.687128,67.40524,52.71451,129.81944,100.19264,46.03663,33.98367,1.4228123,48.016243,60.71696,58.452896,66.36726,69.75698,80.18934,49.771782,19.688955,11.450676,60.278835,45.867455,50.765377
58.069275,37.436314,1.7655513,54.252995,82.3315,44.368576,69.495346,39.51362,138.7621,149.81633,24.11438,92.48345,85.65279,79.497665,55.021553,72.5941,119.24152,70.73009,122.25636,64.28242,37.93244,81.40317,87.7623,44.280754,133.33704,96.693596,88.185715,76.17379,39.584366,123.218544,86.269455,49.26106,63.89818,78.96296,40.486076,55.273655,103.19538,275.79547,91.83881,37.49674,139.46162,61.017475,60.172913,88.310524,68.70193,60.087563,91.13032,26.256058,77.94008,61.522762,147.14455,74.09897,65.3162,97.33274,111.13384,75.68647,71.417046,51.68672,301.2881,40.62154,145.10349,31.584381,66.74038,51.76076,129.10193,98.70549,45.53696,34.02116,1.516126,47.860275,60.534813,57.953117,65.307,69.45268,80.091255,49.553158,20.21375,11.5298195,59.953854,45.787556,51.110004
58.927406,36.836956,1.7300241,54.435017,83.66318,44.678623,70.09027,39.564808,141.21593,152.08719,23.9879,94.447495,87.58226,81.03653,55.724037,73.48043,121.72163,71.368515,124.06334,65.99601,38.678883,82.501495,89.48501,44.545403,135.96729,97.04108,89.40729,78.178764,40.277527,125.266,87.368675,50.3074,63.34258,79.66889,40.591045,56.126804,105.25454,283.2468,92.79678,37.818054,142.09079,61.952003,60.33754,89.38608,68.95008,60.173058,91.380844,26.277033,79.74923,62.419807,149.7253,76.04704,66.288284,97.29928,113.32899,77.64882,72.39758,51.856113,308.68515,41.395145,147.54224,31.656534,67.92402,52.554512,129.85973,100.37954,45.72716,34.311802,1.4026431,48.192806,61.431023,58.69065,66.45567,70.54114,80.54727,49.851887,19.867868,11.385872,60.313274,45.873775,50.91427
58.676003,37.696552,1.8893068,54.45974,83.28041,44.781208,69.906784,39.875595,140.41287,152.35992,24.204502,93.9915,86.96868,80.91325,55.829723,73.501434,120.607124,71.843216,124.16799,64.32806,39.27967,82.40112,89.389694,44.877712,135.59695,97.79542,89.25333,77.44653,39.87078,125.01037,87.90857,50.096455,64.58452,79.94228,40.741352,56.121925,104.008995,282.64603,93.43255,38.771923,141.72806,62.12265,60.12383,88.92917,68.589584,60.533756,91.07687,26.971378,79.487404,62.68629,149.76863,76.38647,66.283676,98.36288,113.40746,77.047935,72.442955,52.76134,308.3937,41.45312,147.68965,32.0415,68.06793,51.973003,130.95349,100.368126,46.161472,34.347027,1.6928462,48.039684,61.68259,58.995407,65.746254,70.43768,81.2656,50.28894,20.844704,11.957027,60.83578,46.361618,51.74512
59.01921,37.613018,1.8445318,55.097294,83.32599,45.06745,70.47709,39.942753,140.83978,152.29254,24.253002,94.19076,87.50465,81.113846,56.30703,73.973656,121.3101,71.935455,124.62994,64.204475,39.33588,82.74928,89.44676,44.693405,135.53667,97.88065,89.47523,78.31816,40.374733,125.451355,87.938416,50.272736,65.045105,80.01271,41.22295,56.516933,105.18092,282.60825,93.54225,39.14584,141.98616,62.44946,60.72615,89.54824,69.30829,60.867737,89.46804,26.747662,80.11079,62.74143,150.12698,77.06297,66.418846,98.97656,113.980675,77.17974,72.774864,53.00755,309.0057,41.258957,148.01991,32.02132,68.440575,52.575756,131.23824,100.980736,46.090652,34.46789,1.5968493,48.391678,61.928886,59.277588,66.17075,70.57543,81.24044,50.37029,20.778486,11.781334,60.95493,46.366577,51.409943
59.649174,38.09409,1.6075218,55.318153,83.4677,45.684727,71.017525,40.05881,140.44096,152.22656,24.386757,94.83102,87.173004,80.63793,56.21232,73.923546,121.606636,72.04915,124.76668,63.351555,39.938683,82.60992,89.34189,45.096222,135.44186,98.07873,89.762794,79.04924,40.669277,125.6227,87.92955,50.196747,65.4486,79.76659,41.477943,56.76085,105.096985,281.6055,93.47176,39.751858,142.13248,62.576763,61.217396,89.61685,69.303825,61.206722,89.30316,26.889637,80.09574,62.640797,150.36778,78.01389,66.31665,99.13413,113.75781,76.922134,73.067116,53.219284,308.46622,41.60861,148.49959,31.980108,68.127754,52.64713,131.76158,101.17357,46.07014,34.824352,1.4645823,48.90409,62.221523,59.099895,66.85904,71.21362,81.56481,50.30195,21.404356,12.692043,61.352093,46.62476,51.646957
58.971992,38.62386,1.7522933,55.1728,83.35721,45.116253,70.67231,40.20034,139.0373,151.57016,24.08012,94.1605,86.865265,80.7187,56.66247,73.558,120.878555,71.67495,124.469574,61.947876,40.132614,82.45552,89.06069,44.158504,134.5516,97.936195,89.275024,78.93063,40.65211,125.288536,88.51017,50.13698,66.66622,79.861305,42.0061,57.27122,105.11309,282.0372,94.00332,40.677574,141.38278,62.56146,61.35119,89.46311,70.04745,61.0527,89.328026,27.585758,80.814064,63.663723,149.81339,78.82269,66.51609,99.97366,114.30355,76.4223,73.03991,53.856136,309.45825,41.16617,149.38246,32.144554,68.64012,52.93816,133.5187,101.74844,46.307884,34.357895,1.6840094,48.6939,62.39793,59.208134,66.28149,70.62208,81.34057,50.596916,21.60361,12.575268,61.311367,46.566353,51.339783
58.793716,38.014885,1.7595937,54.960945,83.13608,45.123707,70.61374,40.003677,139.39038,151.65884,23.780437,93.65356,86.6362,80.99005,56.589752,73.6106,120.70901,71.81979,124.759964,62.70874,39.749,82.79862,89.62838,44.2843,134.3786,97.6881,89.69122,78.57125,40.417355,125.24674,88.455154,50.26886,66.29751,79.83637,41.515194,56.81814,104.899895,281.6238,93.68293,40.006367,141.0645,62.385498,60.96024,89.290764,69.846245,60.80406,88.141846,26.92566,80.23293,63.02032,149.96326,78.41845,66.139595,99.80131,114.07453,76.40464,72.72227,53.52972,308.5459,40.98166,148.73482,32.316956,68.768745,52.38978,132.57812,100.980354,45.986626,34.31455,1.6966718,48.661278,62.221294,59.18847,65.92086,71.096725,81.589134,50.66431,21.424963,11.983814,61.219917,46.626965,51.462536
59.229076,37.824524,1.7880437,55.16709,83.62079,45.29227,71.20072,40.22835,140.22433,152.08386,23.854067,94.32178,86.970566,81.383545,56.72841,73.900826,121.70569,72.16745,125.34747,63.344025,39.913605,83.15013,90.114944,44.606304,134.83066,97.88231,90.233734,79.12285,40.63394,125.932014,88.95726,50.593155,66.408005,80.25989,41.5441,57.133965,105.767334,282.84137,93.9533,40.004894,141.70363,62.480297,61.431114,89.848175,70.438065,60.886734,88.66983,26.981754,80.78097,63.236465,150.71756,79.16106,66.5571,99.76535,114.34849,76.651924,72.96258,53.49689,309.63065,41.333252,149.76161,32.493534,69.257744,52.718452,133.11848,101.50646,46.22839,34.436157,1.5847644,49.019585,62.40387,59.43752,66.509834,71.76553,81.91632,50.83333,21.318499,11.953594,61.29656,46.7919,51.39889
59.382874,38.18659,1.7364948,55.490334,83.93158,45.389683,71.49152,40.403137,140.7479,152.5582,23.993372,94.508835,87.37805,81.47998,56.909897,74.25524,122.28355,72.231766,125.54802,63.624,39.90776,83.31306,90.052216,44.60095,135.33646,98.312645,90.56691,79.279366,40.627316,126.210884,88.89791,50.59557,66.64425,80.33062,41.770985,57.26299,106.132034,282.81006,94.147736,39.91885,142.03667,62.727848,61.582443,90.08391,70.812965,61.189346,88.77662,26.832733,80.68793,63.30511,150.8053,78.503555,66.601944,100.159904,114.347374,76.94353,73.286064,53.47977,310.23587,41.39666,149.56445,32.402836,69.32784,52.992535,133.18906,101.8727,46.36142,34.567547,1.5742258,49.242603,62.460163,59.43543,66.82756,71.546005,81.96504,50.943573,21.297188,11.855576,61.483776,46.818733,51.728546
59.97751,38.19857,1.6934431,55.813118,85.151764,46.146553,71.71714,40.536568,142.94762,154.24094,24.216131,96.19419,88.7243,82.64746,57.253323,75.30739,124.22372,72.76137,126.74504,64.94581,40.54419,83.92738,91.11147,45.226746,137.55722,99.13699,91.66277,80.62749,41.402824,127.81617,89.7434,51.430286,66.481804,81.190254,42.18313,57.88074,108.15556,288.09933,95.102104,40.23064,144.23,63.58234,62.154213,91.220825,71.14062,61.71646,89.71032,27.20295,82.36486,64.09609,152.7767,79.67775,67.87447,100.43157,116.30086,78.46372,73.978584,53.757374,314.9672,42.28644,151.41048,32.713352,70.254906,53.36626,133.84624,103.47201,46.438225,34.877514,1.4181703,49.671944,63.04254,59.93061,67.86992,72.34343,82.37224,51.21337,21.066141,11.6865425,62.003056,46.98693,51.828266
60.00024,38.60851,1.54656,55.616913,84.90822,46.368046,71.228226,40.66355,142.30353,153.85785,24.338848,96.08811,87.831726,82.4608,56.48122,74.75998,123.55935,72.62683,126.43224,64.38398,40.52597,83.360565,90.980804,45.809055,137.10054,99.27075,91.751526,79.57912,41.046204,127.3425,89.5935,51.04419,66.92025,81.16166,41.934837,57.5107,107.225784,286.02728,95.08661,40.024677,143.47641,63.443462,61.717,90.57037,70.6987,61.85938,90.036736,27.659529,81.19632,63.9467,152.17325,79.49066,67.81327,100.54357,115.46657,77.7979,73.82525,53.995495,312.24725,42.39246,151.1664,32.896606,69.51719,52.32623,133.95335,102.8482,46.333466,34.952435,1.3980302,49.895638,62.6607,59.553303,67.782875,72.74348,82.67788,51.266483,21.663212,12.386841,62.235554,47.355305,52.40683
60.08111,38.058914,1.6653898,55.87182,84.25155,45.30545,71.75285,40.54953,142.3441,153.30827,24.479958,95.146706,87.90086,81.922,57.017944,74.77474,123.40888,72.61192,126.084915,64.893974,39.83731,83.676865,90.27887,45.178604,136.31007,99.01028,91.446175,79.18213,40.503914,126.75674,88.95561,50.72477,66.932686,80.83783,41.62777,57.66434,107.24921,283.41962,94.34936,39.17393,142.63257,62.9921,61.725883,90.80314,71.36023,61.673355,89.31446,26.581959,80.70849,63.37233,151.34781,77.95407,66.976105,100.54403,114.22066,77.30337,73.83242,53.431847,310.27383,41.535572,149.66151,32.469433,69.54833,53.27245,133.61795,101.906265,46.652237,34.6824,1.4952549,49.68714,62.572674,59.627636,67.3838,72.1631,82.59382,51.067974,21.374405,11.675644,61.793404,47.227722,52.614807
60.69265,37.56742,1.7192495,56.256622,84.375465,44.890606,72.63569,40.785095,143.25804,153.24667,24.693525,95.22815,88.415375,82.07851,57.486534,75.212265,124.68274,72.88693,126.26825,66.029655,39.43945,84.11893,90.35864,44.84063,136.70354,99.00767,91.79158,79.38733,40.375187,127.15586,88.73837,50.851048,67.04478,80.924416,41.63722,58.059414,108.16478,282.90375,94.29762,38.44132,142.72961,63.028282,62.2367,91.42695,72.5631,61.521317,88.91018,25.72176,80.97311,63.352818,151.32443,77.0692,66.74364,100.59604,113.902855,77.24965,74.19825,52.87728,310.6354,41.23179,149.61748,32.171886,70.09681,54.40362,134.04643,101.84399,47.051476,34.52006,1.3896221,49.887238,62.562756,59.73316,67.86927,72.15049,82.64928,51.0541,20.92108,11.105034,61.647465,47.258003,52.653694
60.664074,37.783005,1.8778074,56.769398,84.12749,44.26225,73.678024,41.169823,142.87056,153.1261,24.767212,94.5047,88.43643,81.97822,58.32319,75.26609,124.566154,73.180115,126.523384,65.5306,39.091244,84.562416,90.0218,44.135727,135.91507,99.23165,91.69445,79.26529,40.05941,127.07853,88.97723,50.65072,68.31452,81.04468,41.91555,58.51984,108.094795,281.14236,94.3949,38.675724,142.20926,62.882328,62.674118,91.832,73.92022,61.50815,88.76861,25.32301,80.93842,63.513798,150.99994,76.42381,66.314835,101.72074,113.24252,76.68485,74.47312,52.972305,310.38095,40.679066,149.61732,32.11846,70.54492,55.38876,135.29103,101.8448,47.735588,34.331825,1.5671138,49.96636,62.821224,59.94577,67.68638,71.57868,82.88185,51.43502,21.103632,10.914326,61.609226,47.410786,52.918262
61.149616,37.804073,1.7958257,56.83889,84.28598,44.35262,73.87781,41.151237,143.22304,153.14397,25.001272,95.3367,88.789635,81.7159,58.152397,75.32599,125.19422,73.2391,126.58212,65.749344,39.106895,84.37507,89.47656,44.493034,136.39702,99.35531,91.46269,79.469696,40.259125,127.24432,89.00264,50.723984,67.866035,81.22355,41.99118,58.7195,108.569046,281.83118,94.428604,38.73809,142.77795,62.925175,62.770695,92.05013,73.8415,61.684532,89.526634,25.722614,81.39912,63.69854,150.97571,76.99259,66.61649,101.15451,113.424095,76.87437,74.533394,52.990284,310.52136,40.906616,149.68889,31.942284,70.64458,55.65288,135.38432,102.45945,47.774216,34.31646,1.4438013,49.984688,62.690914,60.091965,68.12173,71.61708,82.65572,51.13884,20.855272,11.114048,61.54751,47.30362,52.49309
61.16967,38.21395,1.6382978,56.545635,84.54205,44.964214,73.44385,40.95977,142.64673,153.15765,24.831139,95.52528,88.09868,81.469376,57.72686,75.05211,124.8721,72.91811,126.476555,64.7716,39.608013,84.073204,89.60623,44.643333,136.1423,99.11518,91.69118,79.74039,40.29564,127.08782,89.15352,50.591103,67.87409,80.88846,41.832943,58.466465,107.94189,281.72818,94.269875,39.289608,142.7143,62.977497,62.804222,91.67082,73.138084,61.73607,89.51301,25.978634,81.292885,63.48711,151.21059,77.8707,66.58825,101.14674,113.48593,76.78554,74.40151,53.12084,310.00998,41.247665,150.16022,32.01859,69.96306,54.886955,134.99107,102.17758,47.27842,34.635426,1.3641008,50.196793,62.813335,59.609734,68.30406,71.98463,82.67808,51.1258,21.413208,11.790321,61.854588,47.354416,52.791977
61.28732,38.090862,1.6058977,56.32702,84.90854,45.07411,72.99071,40.767555,143.03233,153.27112,24.790476,95.92747,88.29264,81.751434,57.543648,75.18433,125.12326,72.75809,126.53059,65.25289,39.63498,83.922905,89.68603,44.59398,136.69876,98.966354,91.72135,79.68851,40.295765,127.261665,89.12197,50.74529,67.36543,81.00108,41.694885,58.37428,108.281395,283.53427,94.35034,39.189793,143.15721,63.13863,62.601517,91.591,72.84221,61.575584,89.5752,26.146149,81.59015,63.65443,151.41428,77.85639,66.957825,100.88648,114.00065,77.12313,74.34316,53.010464,311.0626,41.43816,150.27663,31.951904,70.060776,54.875477,134.58037,102.35439,47.115585,34.55464,1.3362049,50.09368,62.755257,59.598213,68.41362,71.935585,82.367165,51.024178,21.148123,11.599995,61.804287,47.120667,52.66329
61.214775,38.022457,1.564615,56.105553,84.82396,45.46021,72.61964,40.682167,143.26456,153.91127,24.873869,95.98413,88.0849,81.92903,57.274376,75.10417,124.69977,73.03754,126.57358,65.418175,39.98877,84.01355,90.37163,45.244766,136.97124,99.13738,92.031815,79.68904,40.221603,127.36814,88.97255,50.764122,66.86308,80.97153,41.33338,57.990017,107.678185,284.01212,94.3494,39.002655,143.37889,63.25788,62.254616,91.218155,71.86967,61.69918,89.20238,26.088194,81.188896,63.326847,152.07785,77.88861,66.95247,100.80884,114.07972,77.38658,74.27161,53.142475,311.27182,41.706654,150.24635,32.281525,69.86375,54.140015,133.92018,101.82235,47.04792,34.7935,1.397303,50.095406,62.80746,59.741703,68.18525,72.55074,82.92605,51.059044,21.538027,11.854702,61.952282,47.40453,53.171364
61.13133,38.036133,1.6855772,56.5267,84.593765,45.267887,72.9706,40.793716,142.67052,153.27332,24.90345,95.52419,88.2269,81.84496,57.59532,75.10625,124.55292,72.893715,126.347626,64.85727,39.822426,83.86589,90.01348,44.748177,136.35867,99.022064,91.623375,79.68916,40.288246,127.17271,88.93536,50.60864,67.42282,80.83257,41.71123,58.148434,107.83993,282.67432,94.430984,39.20322,142.86383,63.210384,62.46905,91.4552,72.476364,61.66311,89.07872,26.01608,81.27862,63.367344,151.58665,77.60845,66.78111,101.07759,113.834366,76.887276,74.3425,53.16084,310.81055,41.40058,149.95439,32.110043,69.9766,54.69695,134.29716,102.04341,47.228035,34.620823,1.4666122,49.96125,62.817883,59.734642,68.139145,71.96715,82.62645,51.136284,21.437006,11.720089,61.84838,47.212677,52.814137
61.175312,37.833027,1.6694505,56.6069,84.62489,45.040466,73.41891,40.866306,143.6196,153.94916,25.01976,95.65886,88.910934,81.91519,57.913795,75.50578,125.344795,73.10556,126.494736,65.74752,39.784107,84.32323,90.160416,44.659676,137.02585,99.31591,91.96754,80.09093,40.338036,127.577835,88.81473,50.82604,67.155525,80.84305,41.83224,58.44773,108.38509,283.25604,94.40592,38.76392,143.41489,63.37496,62.468628,91.72905,72.79463,61.77536,89.09614,25.424934,81.40245,63.32882,151.94751,76.94203,66.74365,101.011154,113.88889,77.40117,74.573685,52.858448,312.1523,41.411327,149.47917,31.997242,70.36044,55.24127,134.16928,102.34986,47.52207,34.61239,1.4450372,50.02832,62.879745,59.905876,68.26918,71.848,82.65026,51.05876,21.104677,11.277294,61.77998,47.222473,52.881954
62.139748,38.28243,1.6616323,57.311943,85.28055,45.625748,74.45142,41.379745,144.67752,155.30022,25.287357,96.65853,89.72045,82.57466,58.707516,76.164276,126.74436,73.82732,127.69994,65.77083,40.583954,85.1076,91.288864,45.057777,138.01164,100.270065,93.0105,81.36742,40.875214,129.0358,89.8987,51.256496,68.315346,81.52772,42.333553,59.245018,109.65957,285.13498,95.34524,39.48672,144.679,64.06673,63.414177,93.01832,73.75135,62.60311,90.29247,25.650682,82.50864,63.911007,153.73549,78.86261,67.20524,102.15275,115.10813,77.73551,75.612816,53.548306,315.29562,41.856895,151.27226,32.250282,71.100075,55.94184,136.1431,103.368095,48.15069,35.142002,1.4763736,50.78644,63.699036,60.49572,69.21075,72.91846,83.69243,51.580925,21.627684,11.664928,62.57517,47.75944,53.368828
62.706993,38.38238,1.6094205,57.652534,85.62154,45.90218,74.89241,41.55671,145.49979,155.62479,25.63929,97.30586,90.04603,82.692276,58.54976,76.3651,127.34754,74.13631,128.05797,66.5691,40.258423,85.09987,91.22113,45.5945,138.56686,100.75829,93.20914,81.041145,41.019287,129.40092,89.894104,51.355896,68.28898,82.04591,42.389534,59.279392,110.170685,285.20032,95.56586,39.08813,145.24152,64.194244,63.6188,93.453705,74.16905,62.9377,91.48621,25.872124,82.422874,64.01347,153.96951,78.66493,67.6061,102.20525,115.15703,77.75286,75.733086,53.550472,314.71716,42.076862,151.20486,32.364414,71.25328,56.273235,136.33786,103.68525,48.383663,35.17719,1.4237207,51.055187,63.616196,60.68357,69.71049,73.241196,83.89323,51.608948,21.491686,11.687466,62.754383,47.90042,53.492413
62.823044,38.253918,1.6088579,57.536552,85.11417,45.626286,74.73089,41.427628,144.52074,155.02089,25.60963,96.81726,89.540215,82.35567,58.42736,75.84939,126.702705,73.75181,127.563255,65.77468,40.328144,84.79421,91.03184,45.278267,137.55086,100.245155,92.881714,80.564255,40.693863,128.8168,89.759476,50.981655,68.48655,81.693184,42.019215,59.17726,109.606514,283.34564,95.2904,39.05586,144.29681,64.01599,63.439186,93.24636,74.009544,62.788082,91.470924,25.742579,82.066956,63.76233,153.58374,78.95783,67.176796,102.143585,114.576035,76.92567,75.544136,53.565083,313.2167,41.81053,150.62291,32.276695,70.94659,56.311043,136.29076,102.907104,48.510223,35.04814,1.5104026,51.005424,63.53571,60.57111,69.458275,73.28251,83.89887,51.486748,21.82595,11.976631,62.684776,47.78592,53.5034
63.386723,38.39658,1.569618,57.746193,85.78056,46.280766,75.464455,41.65379,146.07039,156.67117,25.693485,97.86638,90.42427,83.22244,59.058807,76.45682,128.16177,74.37044,128.47847,66.58584,40.96568,85.69555,92.35874,45.61976,138.91869,100.99171,94.076256,81.92661,41.145386,130.21324,90.51189,51.468166,68.83,82.35571,42.42661,59.61929,110.945724,285.9106,95.87478,39.208355,145.80826,64.7194,64.29174,94.14213,74.71873,63.41166,92.68804,25.468891,83.26263,64.14432,155.28769,80.51693,67.63272,102.86265,116.16272,77.79954,76.25346,53.808155,316.7241,42.106766,151.9297,32.52934,72.00385,56.835087,137.32701,103.81906,48.83005,35.482975,1.5339903,51.699806,64.09466,61.084377,70.13265,74.29567,84.67292,51.8394,21.7937,11.822601,63.026653,48.12901,53.78714
63.105766,39.609135,1.5176656,57.53131,87.32543,46.667828,76.0079,42.052383,145.57967,158.00204,26.347605,98.80881,90.65292,83.02278,58.831486,75.66521,128.28369,74.43662,128.12808,67.578354,40.296516,85.23312,92.30603,46.005787,140.74911,101.80199,93.81785,81.68148,41.237328,130.70177,91.14729,50.99757,68.33868,82.92296,42.61815,59.914516,110.45896,287.24493,96.83814,38.5692,146.85947,64.52535,64.78647,94.58316,75.0048,63.212563,103.03642,26.63273,83.496254,65.162766,155.42496,79.56334,68.41684,102.144035,116.00297,78.42987,76.39122,53.370464,317.59738,43.52846,153.37015,32.747116,71.8868,57.10123,139.0237,104.61978,49.51478,35.259483,1.4914821,51.200817,63.81557,60.586777,70.92848,73.62066,84.308556,51.85052,21.165384,11.990986,63.081196,48.013855,53.98386
62.987736,40.008476,1.3276803,57.175156,85.45736,45.34293,74.63367,42.05667,142.39595,155.55078,26.522854,96.315155,88.413994,81.37604,58.13539,73.94322,125.60969,73.20221,125.393265,66.51699,39.575092,84.062775,90.25767,45.078835,137.66847,100.880806,92.38959,79.06763,39.794014,128.0616,88.898895,49.47011,68.48496,81.8521,41.64237,58.824787,108.531006,278.4318,95.77648,37.479855,143.16536,63.410103,64.22862,93.61298,75.2214,63.227146,102.90973,26.320446,81.34449,64.899254,152.17165,76.86151,66.91661,102.5136,113.57306,76.3053,75.93478,53.370464,310.49142,42.295235,150.30705,32.385918,70.73565,57.053303,139.16698,101.349106,49.90292,34.629982,1.6677603,51.024155,62.618076,60.263023,69.637924,72.44438,83.964,51.20697,21.85367,11.9536705,62.26726,47.82457,54.379177
63.759903,39.189426,1.354862,57.06163,87.153366,46.01121,75.05655,42.003506,144.65752,157.44754,26.4231,98.20395,89.875725,82.95461,58.487465,74.468155,127.58756,73.7834,126.72419,69.43851,39.902687,85.14623,92.9726,45.734776,140.10924,101.12317,93.92429,80.95461,40.649704,130.2823,90.032265,50.29214,67.565834,82.73439,41.33858,59.22228,110.767815,284.2922,96.28494,36.462463,145.58649,63.965805,65.28099,94.88219,75.43053,63.175625,106.43183,26.241821,82.985,65.547005,154.91039,79.43995,68.12723,101.70858,115.6603,77.99619,76.31006,53.073868,315.35788,43.268646,153.03976,32.909588,71.9304,57.585117,139.45937,102.272575,50.026943,34.960495,1.5448893,51.550934,63.12312,60.82486,70.89368,74.70528,84.61566,51.332817,20.969053,11.499687,62.24885,47.965042,54.254406
63.761246,38.65061,1.4415948,56.748528,86.30504,45.84152,74.51006,42.233257,141.24586,154.96188,26.082714,96.74165,87.39043,82.89174,57.68537,72.50662,125.10818,73.387146,125.74963,67.89325,39.33032,83.94078,93.090836,45.668922,137.32547,99.545525,92.98068,78.107254,39.79241,128.7853,90.3888,49.657837,68.367134,82.79364,40.155678,58.270863,108.59513,279.86087,96.54591,36.342144,142.26324,62.99924,64.67134,94.19454,75.60825,62.083107,107.698906,27.062626,81.70075,65.406265,153.42041,80.29411,67.37431,101.678154,114.14142,75.15737,75.203255,53.521854,309.9891,42.81166,153.1862,33.459408,71.862495,56.665104,140.85541,100.00402,50.19675,33.998325,1.7180647,51.191517,62.400696,60.673355,70.11488,75.51706,85.05518,51.640965,21.81801,12.044937,62.067562,48.06405,53.95271
63.86486,38.179283,1.7531698,57.07277,85.98781,45.67784,74.543335,42.087494,141.8532,155.27562,25.875957,96.33817,88.01235,83.52846,58.764355,72.78815,124.87423,73.64749,126.16573,68.74831,38.953926,84.75719,94.10581,45.28032,137.39273,99.39236,92.85509,78.4988,40.02569,128.79485,90.10473,49.7213,68.13727,83.14277,40.407566,57.77708,109.2758,280.91354,96.45021,36.218395,142.36465,63.292484,65.219536,95.10802,75.987404,62.09858,107.46709,26.528341,82.45502,65.39336,153.92062,80.71859,66.98516,102.18444,115.36425,75.55999,75.51389,53.575684,311.2171,41.852036,153.80434,33.342457,72.460976,57.23349,140.94109,99.59476,49.849712,34.14482,1.8636564,50.97222,62.732895,61.408363,69.59937,75.55148,85.414696,51.958153,21.448305,11.415726,61.618046,47.929768,53.501915
64.48445,38.41458,1.3430517,56.560207,85.79874,46.702435,74.21966,41.627182,139.40121,153.55692,26.113873,96.356476,86.453064,82.72374,57.569016,71.77398,123.977684,72.88788,124.44842,67.17171,39.23855,83.16614,92.993706,44.992805,136.05968,98.367226,92.16642,78.48485,39.566147,127.983025,89.05811,48.80125,67.74533,82.06938,39.983086,57.297115,108.10294,276.8008,95.883415,35.79984,141.12439,63.022537,65.52828,93.88673,75.17777,61.67079,107.12107,26.240591,81.91877,64.807144,152.78204,80.52507,66.702995,101.70287,114.22965,73.90971,74.87036,52.889706,307.50958,42.22574,152.41977,33.168907,71.816025,57.15894,139.94376,98.214264,49.708946,33.79694,1.8278021,51.080177,62.114357,60.37798,69.93261,75.38798,84.75162,51.31528,21.76877,11.94915,61.36186,47.546055,53.451412
64.588974,38.48119,1.5003545,56.896095,85.79932,46.61275,74.87151,41.844257,139.83244,154.29639,25.900934,96.06023,86.95016,83.321365,58.530178,72.05272,124.33343,73.25126,125.27049,67.20907,39.38169,84.10308,93.84034,44.57852,135.7792,98.71197,92.51097,78.97237,39.77668,128.64726,89.78505,49.26409,68.56951,82.56218,40.26704,57.543713,108.734795,277.61545,96.26633,36.287666,141.55731,63.220276,66.069756,94.8448,76.076485,62.120556,107.034706,26.043785,82.80587,65.11521,153.75339,81.702194,66.56799,102.82593,115.312386,73.92988,75.35399,53.479347,309.73215,41.63695,153.07407,33.34647,72.677666,57.970627,140.97955,98.49102,50.243404,33.939182,2.045049,51.340324,62.76504,61.170074,69.73313,75.75811,85.3941,51.711258,21.932222,11.676609,61.57614,47.76962,53.530758
65.00965,38.472614,1.3471105,56.50408,86.07678,46.5394,74.502815,41.737106,138.86066,153.80379,25.85657,96.74251,86.684494,82.98242,57.891453,71.54501,124.44854,72.84657,124.77635,66.52437,40.121853,83.110504,93.17818,44.890633,135.80923,98.305016,92.17723,79.32036,39.649864,128.55177,89.833206,49.000183,68.31728,82.071045,39.643314,57.73129,108.67213,278.1041,96.43122,36.218136,141.41608,62.834415,65.91504,94.6008,75.41891,61.871513,107.7015,26.7028,82.76578,65.55386,153.44035,82.838905,66.77986,101.68015,114.91344,73.63525,75.48614,53.48891,309.90143,42.464806,153.17204,33.138508,72.48006,57.801815,141.27242,98.42353,50.366505,33.753372,2.0039566,51.20242,62.66984,60.843536,70.32898,76.168304,85.2442,51.343555,22.242739,12.211941,61.576424,47.659355,53.571865
64.92749,38.564594,1.2803628,56.209057,85.93522,46.42349,73.94717,41.60799,138.2845,153.28181,25.779064,96.37548,86.05419,82.796326,57.6149,71.33891,124.070656,72.4892,124.24562,66.28933,40.174736,82.802124,92.80288,44.68981,135.38635,98.10348,92.13206,78.92265,39.326252,128.0617,89.512115,48.783768,68.43837,81.868744,39.45039,57.528976,108.495995,277.1074,96.2631,36.043438,140.804,62.625404,65.854675,94.333786,75.42695,61.820595,107.443825,26.673134,82.62704,65.62369,152.81546,82.51147,66.68929,101.73214,114.71309,73.30832,75.33895,53.417618,308.6858,42.385036,152.76543,33.130833,72.399666,57.586872,141.22209,97.85749,50.233097,33.586987,1.9958633,51.183174,62.473713,60.593777,70.11487,76.06826,85.101456,51.206383,22.363298,12.047047,61.486313,47.640503,53.771336
65.60808,38.4587,1.1794488,56.38695,86.4035,47.113132,74.25722,41.57687,138.83362,153.69461,25.817062,96.97223,86.295364,83.444916,57.605255,71.68799,124.71377,72.750984,124.74066,66.930565,40.28462,83.11627,93.6461,44.936302,135.90424,98.27874,92.72627,79.64148,39.655426,128.73375,89.6151,48.963947,68.39493,82.0299,39.535957,57.49021,109.10633,277.73273,96.44,35.813953,141.37051,63.021812,66.53995,94.6878,75.65148,61.99824,107.23126,26.395226,82.93995,65.54219,153.68002,82.901184,66.94658,102.01709,115.318924,73.51564,75.62245,53.287056,309.4487,42.643265,153.339,33.30177,72.56136,57.883038,141.17769,97.86008,50.170727,33.853653,1.9370254,51.63964,62.701035,60.654892,70.65525,76.88728,85.49046,51.309578,22.352251,12.153172,61.707184,47.714348,53.901752
65.839935,38.931187,1.1524503,56.46935,87.0102,47.47996,74.48622,41.8245,139.06009,154.22014,26.010403,97.48397,86.41057,83.6304,57.646225,71.92575,125.16628,73.03375,124.932076,66.99563,40.603336,83.2733,93.97464,45.060505,136.5611,98.74593,93.07924,80.20943,39.845383,129.3392,89.923416,49.046978,68.7862,82.2644,39.82158,57.83077,109.4009,278.71432,96.93691,35.863064,141.96751,63.336254,67.17047,94.716095,75.93884,62.17597,108.05203,26.671984,83.29914,66.09603,154.19737,83.33713,67.47252,102.46273,115.8526,73.75004,75.81078,53.42915,310.60574,43.032387,154.28874,33.546402,72.85374,58.110962,142.04842,98.33552,50.453785,33.908604,1.9060196,51.895744,62.826435,60.75844,71.02368,77.18781,85.70898,51.50029,22.412245,12.252804,61.870895,48.001633,54.1501
65.91687,39.15727,1.1540468,56.603767,87.32279,47.918835,74.51239,41.771027,139.1422,154.57043,25.992966,97.78732,86.74712,84.18671,57.833374,72.28678,125.447525,73.0775,125.2815,66.779106,40.83915,83.40968,94.72345,44.872627,137.20447,98.938896,93.48121,80.486694,40.073982,129.71638,90.319885,49.180935,69.293724,82.51143,40.285175,58.074352,109.758385,280.1488,97.384476,36.221172,142.24815,64.02572,67.3487,94.78927,76.1016,62.20097,108.0384,26.672523,83.85964,66.309784,154.73318,83.96306,67.809296,103.03779,116.752754,73.89127,75.82818,53.45856,312.0826,43.155186,154.82407,33.796368,73.329636,58.157856,142.50493,98.942726,50.317066,33.84694,1.907513,52.04381,63.061584,60.78874,71.17083,77.31335,85.84792,51.852535,22.336863,12.146458,62.203053,47.940727,54.058556
65.64502,39.23848,1.1535661,55.836296,87.21367,47.232914,73.291916,41.57103,137.6191,153.25708,26.24605,97.75099,86.01435,83.489624,57.06436,71.54634,124.34816,72.2951,123.35915,66.58576,40.782154,82.014404,92.962814,44.584717,137.03555,98.359245,92.05835,79.8631,39.579277,128.61153,89.24577,48.25014,68.58813,81.95722,39.8528,58.038555,109.36587,279.37247,97.31672,35.329975,141.34947,63.332714,67.56831,93.88815,75.70516,61.504585,110.03808,27.219124,83.647194,67.13061,152.88318,82.48717,68.15161,101.89976,115.93455,73.54006,75.50309,52.98128,310.4072,43.586792,154.2345,33.40028,72.88085,58.39661,142.79257,98.20113,50.504494,33.18541,1.9756354,51.33676,62.240353,60.154057,71.011086,76.30744,84.911804,51.21794,21.992277,12.138084,61.35445,47.534348,53.94022
65.20257,39.159878,1.0987623,55.183525,87.17868,46.077408,72.31517,41.164658,136.16292,152.33682,26.015793,97.19362,85.7433,82.946335,56.566124,70.924965,123.66617,71.20856,122.211334,66.72126,40.21223,81.27893,91.60272,43.547386,136.89632,97.53384,91.007065,78.95297,38.942642,127.56673,88.86897,47.749584,67.88799,81.349556,39.225887,58.06697,108.62518,279.04062,96.99269,34.62783,140.4401,62.751163,66.985664,93.27949,75.37368,60.689682,111.64787,27.297157,83.29381,67.425934,151.20802,81.02701,67.84725,100.86298,115.03567,73.340744,75.03929,52.294384,309.6165,43.428295,153.04607,32.84623,72.28248,58.671806,142.44203,97.4611,50.52476,32.459084,1.9749049,50.55509,61.69297,59.52932,70.623146,75.0713,83.85659,50.642445,21.378382,11.7852745,60.858128,46.80405,53.684162
64.97634,39.47468,1.1657312,55.066334,87.236916,46.246952,72.38081,41.158974,136.25421,152.78886,26.00993,96.87265,85.39535,82.797714,57.046024,71.061676,123.62435,71.36134,122.13878,66.56709,40.442413,81.53781,91.49512,43.458797,136.7893,97.91047,91.324936,79.377304,38.93371,127.68424,89.160675,47.70538,68.21645,81.518974,39.28548,58.105118,108.932465,278.9867,97.07693,34.832973,140.61502,62.658154,67.47361,93.80094,75.83848,61.0057,112.997,27.216625,83.983345,67.54942,151.52785,81.41893,67.80224,101.44138,115.64539,73.46617,75.259224,52.460365,309.918,43.485786,153.30681,32.988323,72.72334,58.559105,143.08585,97.41487,50.537727,32.591404,2.066301,50.520134,61.844437,59.56835,70.38454,75.018326,84.00684,50.73934,21.491102,11.180817,60.926846,46.955963,54.0142
64.80376,39.173603,1.0266969,55.053596,86.18555,45.935085,72.63677,41.12004,136.32486,153.54848,26.50987,96.81221,85.6875,82.63919,56.960426,70.37323,123.001854,71.69737,121.72532,67.13931,40.010773,81.46417,91.05038,44.150257,136.67572,98.36707,90.86302,78.87508,38.721195,127.27738,88.217834,47.366264,67.30792,81.794525,39.03162,57.88957,108.57169,277.63873,96.87946,34.140003,140.70474,62.50909,66.59929,93.8325,75.641594,61.525467,114.53222,27.036366,83.75575,67.35936,151.39651,80.55219,67.62074,101.28203,115.39591,73.67579,75.305466,52.550587,309.2136,43.389328,151.77399,33.371788,73.169716,58.602993,142.74445,97.11033,51.174774,32.384777,2.2568204,50.302788,61.55604,60.258133,69.81996,74.79884,84.31193,50.33982,21.494411,10.965603,60.633694,47.01197,53.771908
64.73882,39.708744,0.93527955,54.970825,86.26843,46.39008,72.36245,41.168686,135.5063,153.76074,26.708796,96.64861,85.6059,82.834335,56.903076,69.71042,122.57325,71.46386,121.11136,66.48957,40.07289,81.15015,91.566666,43.969334,136.47269,98.259026,90.63802,79.063,38.675274,127.16268,87.96904,46.828144,67.351875,81.55767,39.19002,57.495617,108.11004,276.42288,97.12284,33.969524,140.26439,62.803772,66.88832,93.64241,75.33926,61.668415,116.35592,27.193459,83.68511,67.53352,151.35883,80.98949,67.59097,101.61708,115.77711,73.562935,75.499565,52.73083,309.22565,43.41098,152.05699,33.478752,73.08883,58.463303,143.0063,96.85384,51.138977,32.33296,2.318411,50.289803,61.381393,60.259644,69.72094,74.5905,84.18034,50.415104,21.680777,11.24958,60.384563,46.917656,53.809902
64.420876,40.019142,0.78450555,55.32351,85.86627,47.459087,72.791824,41.235,135.45619,154.32797,26.497501,96.56374,85.7105,83.396904,57.380516,69.66135,122.60871,71.609024,121.68157,65.6231,40.42297,81.50441,92.54342,44.169327,135.9254,98.57914,91.326904,79.825836,39.103447,127.52951,88.30066,47.08912,68.28272,81.80716,40.12221,57.31687,108.49445,275.45682,97.25158,34.612476,140.33664,63.217968,66.865974,94.16137,75.59605,62.448288,116.32458,26.859211,84.238914,67.113205,152.11525,82.39521,67.4949,102.70178,116.71974,73.38717,75.66195,53.17167,309.53995,43.125526,152.27876,33.94904,73.73495,57.833763,143.14491,97.36277,50.83754,32.683792,2.3794315,50.90252,61.764046,60.487125,69.59784,75.04328,84.65937,50.81269,22.040846,11.210537,60.680996,47.092823,53.41222
64.38479,39.97264,0.76893586,55.341568,85.7885,47.587753,73.19827,41.185726,135.0798,154.18379,26.309612,96.35975,85.2265,83.45443,57.36376,69.45624,122.29525,71.735886,121.834366,65.673416,39.853455,81.6064,92.27364,44.22248,135.41452,98.44638,91.27185,79.6582,38.95533,127.06056,88.12443,46.82441,68.18696,81.76841,40.147247,56.898254,107.98908,274.30106,97.03137,34.455944,139.78926,63.10453,66.94823,93.88077,75.90356,62.24966,115.92495,26.66492,83.80724,66.8244,151.5933,81.677505,67.16613,102.88436,116.23966,73.26473,75.450455,52.894085,307.8889,42.956467,152.20372,34.073814,73.699524,57.649715,142.8473,97.09794,50.41845,32.574474,2.3183305,50.78684,61.554813,60.32749,69.35453,74.93788,84.61783,50.92104,22.004715,11.142731,60.43647,47.045086,53.19077
64.25467,39.292057,0.5856778,54.88011,85.398895,48.3641,73.98364,40.65263,136.02078,155.46725,25.885942,96.576324,85.496124,83.94736,57.53464,69.57007,123.39933,71.55701,122.54792,66.38494,39.085377,82.069885,92.75663,44.09556,137.22125,98.06992,92.41185,79.240265,38.739872,126.92591,88.37428,46.97214,67.02973,81.86701,40.075638,56.28779,107.72084,275.37567,96.2559,34.704872,140.43979,63.720448,66.29352,94.306694,75.76271,61.996746,117.1462,25.588017,84.17747,65.673294,152.28183,81.59868,66.43214,102.490524,116.69253,73.85599,75.11198,51.875557,309.32956,43.473152,151.07585,33.897556,73.98443,56.68133,141.08578,97.4086,49.558224,32.592457,1.9527873,50.50161,61.51407,59.900013,69.57999,74.36085,84.07815,50.828167,21.387516,10.419975,60.876102,46.530937,52.667664
65.29648,39.05119,0.5949189,55.269432,85.99646,49.203526,74.46261,40.660126,137.9971,156.80734,26.27483,97.7502,86.435394,84.992584,57.859344,70.81734,125.06868,72.08572,123.53804,67.669014,39.561943,82.6171,93.67371,44.396103,138.91699,98.82369,93.44703,79.84566,39.122215,128.25049,88.887566,47.56864,66.965065,82.70336,40.245247,56.667076,109.292076,278.8222,97.00402,34.889187,142.22563,64.64227,66.60615,95.47672,76.36417,62.380253,117.34018,25.153828,85.518654,65.680046,154.14598,81.48148,67.09692,103.2355,118.103615,74.48329,75.75017,51.71939,312.90683,44.040085,151.48769,34.018833,74.74766,57.339146,141.32635,98.15094,49.940792,33.013477,1.955964,50.980003,61.98356,60.194107,70.4249,74.87813,84.69912,51.092903,21.22386,10.078037,61.696884,46.543404,52.937412
65.38896,38.86509,0.57940644,55.600193,85.590614,48.994766,74.8675,40.748684,137.73836,156.08942,26.349226,97.221596,85.99597,84.53471,57.749283,70.7083,124.73018,72.05246,123.43829,66.95283,39.15074,82.56207,93.05767,44.34541,138.04166,98.523415,93.130005,78.96773,38.819656,127.57629,88.5202,47.478245,67.09496,82.56499,40.255413,56.457424,108.47108,276.41302,96.525,35.11218,141.38104,64.429855,66.27797,95.05249,76.71639,62.494583,115.48238,24.987446,84.86091,65.02052,153.23764,80.41184,66.59876,103.554474,117.20558,73.71116,75.43059,51.746777,310.5096,43.53872,150.04567,33.985367,74.57357,57.65018,140.51628,98.03803,50.05968,32.854553,1.9658455,51.00172,61.93626,60.343445,70.26177,74.421425,84.455055,50.96006,21.525887,10.30117,61.91796,46.58246,52.935703
65.10507,38.68778,0.60453004,55.903313,85.06461,49.004955,75.70976,40.885307,138.62192,156.21991,26.213932,96.83713,85.92193,84.03965,58.306297,70.81761,125.09652,72.305565,123.81844,66.5706,39.111755,83.25187,93.1387,44.41282,137.39893,98.47912,93.68452,79.34685,38.991165,127.45922,88.40705,47.845547,67.166046,82.44686,40.725277,56.370632,108.40219,274.9139,95.64034,35.78413,141.43613,64.34967,66.29441,95.28376,77.07383,62.89763,113.58134,24.366077,84.72384,64.15918,153.53915,80.58824,65.96511,103.87682,116.757866,73.68618,75.433975,51.83393,309.81342,42.892666,149.89116,33.83946,74.36463,57.533737,139.79349,98.26356,49.803303,33.33836,1.8491362,51.37378,62.297634,60.50909,70.15599,74.42961,84.51621,51.01085,21.843817,10.439484,61.94415,46.875908,52.884632
65.70036,38.53248,0.61426896,55.98645,83.44821,49.625168,76.68931,41.444828,139.58318,156.95753,26.3377,97.47865,87.30525,83.63718,58.837,70.70776,125.57014,73.03736,124.65263,66.855385,39.27542,83.83763,93.83162,45.122814,137.27278,98.98009,93.15475,79.34529,39.83155,128.23053,88.658905,48.187916,66.33889,82.70769,41.29836,56.209476,108.99775,275.03497,95.519585,36.68985,142.43034,64.64029,64.253006,96.24704,76.41168,63.29413,111.61263,24.402359,84.57283,63.889557,154.87325,81.6534,65.300575,103.082344,116.96616,74.00012,75.47907,52.894634,311.41373,42.59618,149.72978,33.57276,74.47176,57.48318,139.28618,99.437096,49.933426,34.280758,2.0980556,52.015762,62.19027,61.03238,70.338394,75.270706,84.97807,50.482296,21.981554,11.711845,62.23534,46.921715,51.71694
65.01887,39.223236,0.54509133,55.57953,82.04872,50.143974,77.102776,41.780582,138.57779,156.81516,26.189283,96.535446,86.2123,82.732346,59.611256,70.01805,124.5518,73.12379,124.03853,65.43638,38.993073,84.30248,92.3741,44.89953,136.86635,99.05874,92.95962,79.1949,39.455566,127.29976,88.34611,47.767105,66.52297,82.636734,42.287956,55.777763,108.288284,271.28104,94.67385,37.770027,141.82675,64.17128,64.78812,96.03477,77.20399,63.940273,112.04638,24.291328,84.811195,63.897797,154.0498,81.17644,64.62365,103.94509,117.070404,73.42953,75.09913,53.520985,309.69843,42.300617,149.21733,33.43598,74.805176,57.096436,139.68565,99.35795,49.94798,34.5658,2.2599247,52.261997,62.14212,61.139256,69.674995,74.235344,84.50576,49.985306,22.366024,11.630238,62.112484,47.097458,51.485107
65.95438,38.71266,0.56894463,56.13546,84.010956,49.617435,76.88874,41.7071,140.91449,158.32224,26.60389,98.313156,87.71063,83.65741,59.147125,70.92235,126.30634,73.52152,125.208626,68.18989,39.23939,84.5226,94.004745,45.631477,138.30658,99.693565,93.82359,80.316086,40.12893,129.05536,88.95309,48.339977,66.15443,83.283806,41.348763,56.70625,109.908226,276.99356,95.76499,36.511562,143.79303,64.69569,64.70419,96.87612,76.971985,63.79145,114.38442,24.591112,85.15707,64.44884,155.94954,81.80548,65.959045,103.31438,117.52863,75.10571,75.98127,52.93806,312.81558,43.159195,151.39635,33.805016,74.409004,57.50829,140.2736,99.77562,50.065094,34.784325,2.0089104,52.438164,62.3873,61.086964,70.81814,75.63324,85.408264,50.547855,21.912792,11.576649,62.32103,47.24852,51.93716
