MO,ADM,BFB,CPB,CHD,KO,CL,CAG,STZ,COST,COTY,CVS,DPS,EL,GIS,HRL,SJM,K,KMB,KHC,KR,MKC,TAP,MDLZ,MNST,PEP,PM,PG,SYY,CLX,HSY,TSN,WMT,WBA,ALGN,DVA,EW,EVHC,HUM,IDXX,ILMN,ISRG,LH,MTD,REGN,COO,ZTS,AMT,CCI,DLR,EQIX,EXR,GGP,SBAC,VTR,AWK,DUK,NEE,SRE
60.66257,35.885136,-1.8614095,53.298874,77.64013,34.46713,60.315006,38.224125,140.34398,142.96767,22.518665,90.62775,83.42928,81.58083,54.40179,72.503784,118.84638,69.17838,117.37586,62.510292,35.981667,82.19497,80.75507,39.546608,118.629745,98.47658,87.532364,77.40498,39.81147,121.24043,89.27435,48.75356,62.677887,77.44861,55.37187,63.759296,73.25194,29.66485,152.84682,69.76346,145.41946,505.94324,107.82784,281.24026,404.069,124.336395,45.287594,86.060875,80.79286,69.95279,277.70718,80.873184,26.385216,92.17647,56.04954,58.169956,75.12773,102.43988,91.58097
59.53191,35.987785,-2.1602871,53.581123,77.8242,34.71878,60.094765,38.26787,140.52336,143.79607,22.750353,90.32658,84.31537,81.05915,54.022785,73.55624,119.70733,69.316475,117.75763,61.84616,37.064117,83.20106,81.21608,38.407516,117.9386,98.94276,88.56786,78.03108,40.500763,121.4565,91.43461,49.328365,63.26489,77.688,55.318295,63.922543,72.607925,30.64349,152.77245,70.78141,146.91034,509.2778,110.7214,281.40262,399.08997,124.23413,45.909016,84.77514,80.09689,68.75915,276.6113,79.788155,26.652073,92.360725,55.573853,59.2366,74.70004,101.875694,93.37405
58.67067,35.288445,-1.9534096,53.78705,77.78798,34.97476,59.607788,38.22777,139.7834,144.77115,23.07109,90.281906,84.90829,81.507805,53.558094,72.24206,119.99082,70.390945,118.22971,61.19348,37.526627,82.92533,81.73794,38.347046,117.62025,99.57157,89.54379,78.40349,41.463688,121.087524,90.70782,48.171535,64.102646,76.971466,56.13339,65.121895,73.91589,30.920742,152.8852,72.8886,147.65771,519.4031,111.01028,283.15112,400.1595,126.26991,45.82358,85.831856,81.90214,69.06717,279.77884,79.88785,28.351364,93.85961,56.220127,60.32034,76.37164,100.833755,93.87211
58.71466,34.243237,-2.4004977,53.14853,76.43788,35.182095,58.83,37.399776,137.12187,142.94478,23.14465,89.52397,83.126465,81.469536,51.606907,70.58598,117.6985,69.24661,116.26361,57.812126,38.0313,81.95376,79.81284,39.21345,115.401024,98.25306,87.5738,78.42703,40.5539,119.78006,89.04972,46.86495,63.64761,75.504395,55.891243,64.74246,72.07841,30.241375,149.4117,74.30644,146.10555,514.9376,109.27372,282.6983,395.4677,127.024796,46.2631,86.143,82.080154,69.15353,277.8195,78.98901,27.626244,93.45663,56.550972,58.50603,76.548645,99.516045,92.36399
58.705055,34.906216,-2.655885,53.160694,77.623634,35.46849,59.31578,37.9213,139.81766,145.20567,23.101732,90.61968,84.3795,81.200966,53.099545,72.07066,119.11931,70.146034,118.78356,57.920956,40.089073,82.83057,81.30201,38.66668,118.73935,100.34676,89.5519,79.758705,41.10335,121.568375,89.79662,47.05291,64.65089,76.54817,56.37078,66.80753,73.55046,32.07667,154.00838,75.72669,150.70935,528.32935,111.55511,288.0663,404.08243,128.90155,47.594067,87.09711,83.38458,68.84932,284.77933,80.33354,28.182816,96.124886,57.027122,60.13729,79.02893,100.678986,94.771736
59.11988,36.085518,-3.0797713,53.89384,77.747055,36.259285,60.248913,38.138447,138.9047,146.33539,24.224945,91.95578,83.881584,82.8803,53.06221,71.829056,120.272835,70.64929,120.747574,53.77657,42.381973,83.90423,81.19711,40.518383,119.4012,101.32153,90.26638,81.84064,40.950924,121.40039,90.713715,47.36871,66.06028,77.03938,58.422153,67.99329,73.915955,32.822647,156.32097,79.80075,154.93721,532.4195,112.46831,294.08972,409.6745,132.99966,48.237885,89.26905,85.57496,69.843956,287.85287,80.62732,28.134907,97.92316,58.77155,59.435963,80.58453,102.19111,95.71038
56.299725,37.559963,-3.242781,53.58473,78.266914,38.723434,64.25313,37.229076,131.35645,145.7285,25.317976,90.64186,82.61682,83.96766,51.675587,68.388695,121.07961,70.01008,121.879555,39.958687,50.27128,82.83108,81.54548,41.082733,117.79649,101.67076,92.61241,85.43314,40.00176,117.07405,93.20824,46.2574,70.22712,76.92981,59.84059,71.50643,72.62191,34.11609,158.21419,90.01749,162.1565,540.6488,113.237816,298.65073,406.3667,137.05707,48.669758,88.98227,87.703064,71.61589,282.19977,77.09196,28.687927,98.52762,63.369972,58.29008,83.265945,104.78235,97.47996
57.964012,36.796535,-2.90389,54.00188,78.15615,38.331116,64.58678,37.38705,133.09453,146.13487,24.674109,90.6525,83.28721,83.637596,51.276237,68.73727,120.65277,70.17273,120.90318,45.150826,47.222107,83.37525,81.633644,41.049835,118.62422,101.39771,91.421295,83.84552,40.548607,118.87375,92.61251,46.685085,69.0178,76.6622,59.15159,70.768974,74.26678,33.104343,156.66393,86.24377,158.11974,538.7647,112.527824,295.97598,403.81378,135.59659,47.832085,89.60166,86.90274,71.95382,282.50494,77.97212,28.976295,97.3196,62.803333,58.626175,81.84238,104.18597,96.81108
58.65528,37.22245,-2.861478,53.97357,78.954384,38.21594,63.918297,37.739067,136.78056,147.86533,24.433477,91.74626,84.78336,83.72418,52.382664,70.387146,121.59603,70.937035,121.60531,48.78076,46.47153,83.660965,83.161194,40.444084,121.20778,102.46292,92.28841,83.617165,41.006874,120.10079,92.0348,47.641407,68.97259,77.57792,59.245644,70.453125,75.355125,33.619225,159.24884,84.15163,160.71423,544.8611,113.68978,297.9794,410.9251,135.18971,47.81097,89.59248,86.88034,71.87499,287.13712,79.67294,29.281212,98.37294,61.575672,59.75889,81.98858,104.81144,97.40397
60.26374,37.573536,-2.6354668,54.51101,79.82266,37.973324,64.09767,38.17214,139.83441,149.15941,24.651905,93.12964,86.04439,83.86942,53.005474,71.499115,122.09115,71.31047,122.41885,53.106457,45.125984,84.59139,84.140465,40.66073,123.65645,103.461815,92.55878,83.03902,41.5097,121.911865,91.95805,48.412228,68.78651,78.588905,59.568222,70.33588,77.07756,33.431953,161.3942,81.48608,162.50952,548.5554,114.05508,299.8858,415.49655,136.19092,47.68735,90.87266,86.81892,72.69276,291.254,81.296906,29.98642,99.255196,61.517284,60.597176,81.79523,106.16556,97.76078
60.84987,37.259613,-2.5526316,54.506157,80.01976,37.49592,64.12565,37.8606,138.97475,147.47136,24.582684,93.05785,85.00104,84.22196,52.32416,70.36776,120.97886,70.33459,121.0355,54.133736,43.97638,84.465164,82.55369,40.599564,122.28386,102.80831,91.79423,82.71767,41.618965,121.412895,91.91842,47.81416,68.6262,78.87216,59.12042,70.26484,76.53304,32.848564,159.70332,80.28155,161.80566,542.757,112.790276,297.3884,410.4184,136.91861,47.090508,90.623245,86.054504,72.246826,288.5448,80.63043,29.513577,99.10751,61.79504,59.763294,81.18869,106.62119,96.73762
58.707596,37.837154,-2.8545573,54.155426,80.330666,38.076862,65.25188,37.652096,135.71227,147.64653,24.671936,92.24368,84.26036,84.59518,52.14182,69.00582,121.69822,70.56587,121.71494,47.379265,48.02297,83.86837,82.46109,40.26865,121.47751,103.42103,93.66716,84.99635,41.436615,119.36702,92.84488,46.706707,70.79781,78.918625,59.813526,72.75353,76.36822,34.30807,161.30827,85.65905,164.72781,549.62616,113.54086,300.04105,410.92105,139.17374,47.47184,90.18548,87.631454,71.916016,287.50616,78.91951,29.592167,100.59938,63.55576,59.696564,83.37045,107.21767,98.17811
61.027107,38.022583,-2.7844393,55.283638,81.03561,38.052135,64.577896,38.66785,141.2358,150.88507,24.882946,94.099174,86.46981,84.34795,53.1775,71.968765,123.573586,71.72751,123.78394,52.737446,46.12581,85.66749,85.57338,40.985348,125.13582,105.16561,93.88861,84.575584,42.63726,123.3667,93.28198,48.61153,70.01873,79.55925,60.25063,71.76059,78.94419,33.855682,163.47768,83.571846,163.6752,555.25366,114.57489,302.75565,418.33093,138.89287,48.306187,92.37993,88.01568,73.40044,294.95587,81.73363,30.949028,101.34953,62.505173,61.42902,83.0992,107.67772,99.877144
60.172283,37.5798,-2.7648938,54.854904,80.44424,38.141052,65.01648,38.283787,137.3235,148.63908,25.86307,92.80429,85.02193,84.13123,51.74615,69.67794,121.77332,70.36162,122.82,48.377106,47.270756,84.9517,83.130844,41.173016,123.16382,104.25117,93.47153,84.69161,42.04734,120.83258,92.408295,47.281086,70.834785,78.61945,60.96284,72.252495,76.38859,33.82103,162.98204,85.481865,167.30103,555.73175,112.824486,302.11493,414.08908,140.66666,47.306114,91.95862,87.64928,73.3297,291.24738,79.84161,31.056705,100.837585,63.54602,60.099007,83.37423,108.3127,99.08392
57.806057,37.882896,-2.9976828,54.303192,79.77027,38.76667,67.02116,36.953556,129.7661,146.02428,25.948154,90.92059,81.97824,84.45691,49.331776,65.99914,120.77869,68.76516,121.238045,38.10923,51.774715,83.92077,80.86799,40.800247,118.53593,102.99059,94.108795,86.401566,40.941055,116.333664,92.90772,45.026585,73.18,78.03454,60.947536,74.538055,73.9151,34.140427,160.54298,91.54015,168.08456,552.8726,111.57041,300.33255,401.1699,142.80392,46.71883,90.23823,88.18481,72.878265,283.0736,75.74768,30.591991,100.53869,66.40198,58.42611,84.46102,109.17166,98.47595
57.922497,39.04293,-3.3273156,54.514313,81.360344,39.412006,66.379364,37.91612,134.35298,150.34413,25.949202,92.93745,84.38131,85.49398,52.267483,68.39738,123.13155,71.08303,124.19755,40.808613,52.620445,84.61093,83.36959,40.770767,123.10701,105.73091,96.66025,88.08407,41.663795,118.471756,93.657936,46.75781,74.243484,80.22305,61.928265,75.57653,76.01078,35.86487,166.73396,91.03733,174.6843,566.80896,115.29119,308.06613,419.09015,144.41708,47.30769,91.22931,89.50098,72.61486,291.51126,78.521774,30.617878,103.31749,65.383194,60.364983,85.75125,110.26306,101.09345
59.594044,38.695107,-2.8143551,55.27513,81.11286,39.547714,67.35718,38.31412,135.03416,149.69162,26.594097,93.500694,84.92088,86.50526,52.13291,68.87359,123.251595,71.105515,124.16345,43.948254,50.268932,85.28014,82.88146,42.118217,122.890015,105.20022,95.561806,86.63653,41.741905,119.66713,93.84026,46.938297,73.03902,79.80909,62.48514,74.37723,76.33941,34.96666,165.20364,89.001305,171.34267,562.57043,114.41738,307.113,418.02106,144.10753,47.465103,92.701706,89.656235,74.41001,291.6078,79.26312,31.008781,102.12109,66.08847,59.843365,85.137566,110.54691,99.76208
63.005524,37.850582,-2.728742,55.29919,82.99062,37.891945,65.61861,39.355427,143.27736,151.84126,25.240276,96.05228,87.01084,86.210976,54.06612,71.591866,122.983185,72.14483,123.99789,57.759636,44.002113,86.750755,83.501945,40.939213,126.8308,106.49881,95.03036,83.947205,43.455196,123.76696,93.62989,48.891506,71.235466,82.6837,61.152584,73.765236,79.847275,35.5232,165.95859,80.02073,172.59738,564.4396,116.58046,306.12088,423.86334,143.01335,47.315773,93.427795,88.387375,72.25023,298.736,83.076324,31.07037,103.38142,62.81124,61.585285,83.88139,109.776505,100.39855
60.737816,38.650307,-2.8622696,55.32723,82.175606,39.3164,67.62775,38.370743,136.93602,150.92976,25.822784,94.876976,85.30051,87.04751,52.858494,69.31687,123.51202,71.5866,124.50464,47.002975,49.082188,85.97236,83.26983,41.672,123.58963,106.088745,96.05696,86.27741,42.401787,120.55342,94.632195,47.6209,73.554306,81.872,61.901817,75.229904,78.63293,35.692085,165.3213,87.500694,172.86786,563.7429,116.333466,307.47983,418.8446,145.02158,48.070057,92.93033,90.205315,73.39386,293.99088,80.41179,31.156124,103.17424,65.90468,60.62228,85.59452,110.32179,100.56849
63.1354,37.79813,-2.338961,55.59018,83.16024,37.46817,65.31871,39.67426,144.06204,151.4399,25.079754,96.062355,87.33986,86.716576,55.29807,72.21761,122.77234,72.34201,124.447395,60.045513,42.20775,86.27554,82.98693,41.454643,127.077896,106.62448,95.00606,84.28744,44.124485,124.27439,94.20253,49.19185,70.57743,83.01302,61.408104,73.25781,79.929596,35.320023,165.82976,79.775894,172.58417,562.2528,116.00239,305.66785,428.19174,142.60123,46.861065,93.68004,88.34348,72.53126,297.84067,83.432785,30.669445,103.391624,62.410015,61.39409,83.08083,109.582275,100.56049
62.81677,37.88558,-2.3124115,55.702312,82.42773,37.783592,65.833405,38.99608,142.54526,150.82758,24.853424,95.269104,87.0835,86.658104,54.21584,71.47764,123.276146,72.403946,123.33763,58.161865,43.372227,86.235176,83.357765,41.227417,125.302895,105.55478,94.38436,83.820076,43.28565,123.98209,94.128044,48.67519,70.45429,81.756256,60.81461,73.16692,79.35553,34.483196,163.44624,80.00286,166.45894,557.4009,115.4437,303.36917,419.9191,141.00595,47.317783,93.069664,88.22583,73.1886,295.49298,82.65031,30.53149,101.93066,63.257595,61.133263,83.201866,109.3687,99.11431
62.5536,37.25056,-2.4909594,55.544865,83.342964,37.68052,66.755974,38.504543,142.11028,150.8922,24.736483,94.59582,87.487144,85.51157,53.226433,71.32979,122.50507,71.290436,123.62232,55.15099,45.52613,86.742836,83.8279,40.396225,124.119385,106.071945,94.90026,85.28106,43.247227,124.54589,95.053085,48.29643,72.26029,81.74991,60.478767,74.18954,76.912056,34.18447,162.5733,83.79452,168.87857,564.8154,115.53815,303.90805,411.93723,142.56909,47.661884,92.61781,87.52703,73.051796,294.65305,81.4324,31.147846,102.90429,64.1823,61.737907,84.003555,110.60762,100.61821
62.385246,37.31961,-2.8037932,55.507004,82.95087,38.28858,67.1644,38.015644,140.85841,151.29582,25.007484,94.94882,87.10833,86.28286,52.502003,70.653496,122.92788,71.00007,124.02691,51.722595,46.918625,86.80661,83.88293,40.568317,123.478745,106.14886,95.23312,85.79468,42.6886,123.47226,94.35314,48.297394,73.4302,81.8461,60.951633,74.14117,76.05543,33.884735,163.24113,85.69161,170.81015,566.6643,115.489075,305.59964,411.91946,143.96068,47.609444,92.59781,88.005684,72.98037,295.0559,81.10301,31.41811,103.17791,64.91155,61.522217,84.921585,110.940765,100.32747
61.74823,38.635372,-3.0932658,55.44968,83.772285,39.293896,69.37743,37.618176,137.64299,151.70204,25.810406,95.16873,86.21775,87.055084,51.166576,69.113045,124.035385,70.297455,125.20538,44.084167,51.799133,87.22536,83.84699,40.619164,123.42898,107.217575,97.334854,88.27875,42.368954,121.70668,95.68279,47.625374,76.42601,82.77925,62.133274,77.181206,75.63188,35.087807,165.93875,92.025505,177.713,576.06726,116.55461,310.14798,409.80048,148.40552,47.920006,92.83124,89.58926,73.67175,294.49985,79.26608,32.092407,105.04846,67.91611,61.328003,87.33895,113.58213,101.87504
60.59324,37.744812,-3.1934206,56.074333,82.847946,40.532837,71.72035,37.196217,134.54565,151.76833,25.828712,93.132675,86.519295,87.26873,49.893078,68.39159,124.20121,70.47125,125.370186,39.058613,53.698433,87.4089,83.58364,41.667183,121.283875,106.45551,97.2278,89.82935,42.08491,122.09369,96.196236,46.836258,77.166405,80.28725,62.902363,77.41444,72.798805,33.607254,163.52834,96.67878,172.22038,581.2546,115.2808,310.82312,404.17078,147.67181,47.58995,93.1944,89.95387,75.42602,291.93692,77.60495,31.963215,103.479485,69.25303,60.951042,87.54013,113.39639,101.93633
56.227592,38.71182,-3.6600955,55.405823,81.73547,42.15996,74.710815,35.175846,123.16317,148.41396,26.690044,90.74962,82.71274,87.64352,47.072155,63.38018,124.014496,68.37335,124.350845,20.640099,63.023167,85.76866,81.822296,41.29077,115.16028,104.86431,98.710014,93.06557,39.87635,115.00998,97.02102,44.03945,81.4891,79.06688,63.23785,81.146675,67.84312,33.760185,161.95067,108.13965,175.93694,580.3303,113.711006,310.9517,389.6618,150.55663,47.75159,90.46478,91.07208,75.81559,281.38855,71.653534,31.792084,102.946815,73.956955,58.588978,90.24994,115.42934,101.09605
57.044075,39.060455,-3.6686423,55.503548,82.07501,42.2994,74.520935,35.438488,125.581436,149.78526,26.589666,91.408554,83.52899,87.40847,47.630672,64.435455,124.75904,68.95297,124.86837,22.477919,62.900097,86.360374,82.97833,40.83663,116.828804,105.6525,99.12671,92.6834,39.846523,116.12361,96.75146,44.788,81.48281,79.444626,63.036648,80.97774,68.39109,33.968994,163.31847,106.494026,176.6224,583.9123,114.633446,312.2233,392.99847,150.19029,48.026596,90.5249,90.94084,76.02034,284.58893,72.72751,32.136784,103.089836,73.52171,59.411774,90.46022,116.00407,101.554436
56.763832,39.698814,-3.8280375,55.313908,81.540985,43.11776,73.824615,34.81559,122.672035,148.09375,27.023003,92.48303,80.649536,87.97051,46.92767,63.016968,124.80291,67.80715,124.40102,18.96273,63.922913,85.779076,83.27667,41.3743,114.09895,104.8298,98.64977,92.56031,39.290394,113.39659,96.8654,44.867023,81.82166,80.564285,62.59626,80.08665,68.90461,33.357048,161.6823,107.026054,176.43356,568.4153,113.73087,310.22305,389.71198,150.52335,48.724968,89.91394,91.11809,76.05267,281.6073,71.673775,32.120205,102.906075,74.0533,58.201275,89.93262,116.01564,100.13889
56.356598,39.139565,-3.7504952,55.183,82.91152,42.063232,74.14833,35.480236,124.31371,148.88995,26.752422,91.44429,82.79024,87.16703,47.448566,63.553383,124.666374,68.60683,125.1733,20.298513,64.20036,86.05233,83.04592,40.671566,116.07503,105.82594,99.29959,93.54881,40.209747,115.43616,98.38672,44.262337,82.09434,79.73175,62.897892,82.03855,68.83483,34.436523,162.73454,108.763664,177.71161,581.87805,114.88513,312.57156,392.03735,151.7947,49.018444,90.65875,91.42702,75.701584,283.33914,72.099556,32.19724,104.415276,74.462006,59.22917,91.43858,115.89916,102.61128
56.24611,38.66434,-3.7762196,55.65943,81.80128,42.10732,73.6712,35.54254,124.009415,149.36436,27.14073,91.22449,82.97906,87.39922,47.427612,64.35511,125.11404,68.610306,126.13349,19.255636,63.47943,86.14686,83.33248,41.848255,115.73761,105.58899,98.86111,93.757576,40.2276,115.85068,97.98914,44.617954,81.48023,79.021324,63.594723,80.78423,68.036995,33.50923,162.34184,110.181465,176.17578,581.1575,114.07093,313.01532,393.78345,151.22685,48.92608,91.251686,91.74766,76.26872,283.70905,72.34178,32.353912,103.82456,74.16801,59.12628,91.02301,114.9621,102.53019
56.44216,38.384052,-3.7860453,55.790295,81.68156,41.711025,72.851654,36.11105,126.12989,150.21245,27.367508,90.92789,84.32617,86.54746,47.87212,65.70898,125.88117,69.29837,127.00608,20.697254,62.94346,86.439644,84.2283,41.834297,117.31793,105.98549,98.76041,93.29458,40.408634,117.4426,97.79386,45.079845,80.65908,77.82045,63.667034,80.274895,67.60503,33.152172,163.20906,109.26284,174.69292,585.6272,114.13926,313.991,398.24182,149.7947,49.231316,91.688095,91.52195,76.83715,286.25266,73.332985,32.602707,103.37553,73.36462,59.779106,91.30963,114.50452,103.005775
56.31166,38.33279,-3.7945302,55.85083,81.34994,42.338818,73.7711,35.370483,124.354454,149.56248,27.135002,90.6494,83.67682,86.670525,46.783543,64.59286,125.592094,68.87219,126.22008,18.886772,63.903656,86.49264,84.2347,41.792103,115.84769,105.22718,98.31778,93.38082,39.97825,116.5728,97.82946,44.98666,81.23752,77.54978,63.385662,80.6209,66.85996,32.407658,161.25414,109.93975,172.7479,582.4302,113.6052,312.60587,391.28833,149.48508,49.09592,91.3432,91.25297,77.15126,283.55765,72.17728,32.545753,102.47021,74.02552,59.19319,90.892166,114.78223,102.11018
55.961075,38.95943,-3.9954665,55.174843,81.89937,42.107845,73.068436,35.184696,123.00471,148.92317,27.546936,91.31363,82.20106,87.4118,46.71284,63.303078,124.901276,68.22438,125.621346,16.76864,65.005005,85.983986,82.598366,41.33024,115.226875,105.5615,99.18068,93.86081,39.652626,114.41535,97.632256,44.299335,82.38831,79.41135,63.594093,81.72045,67.04179,33.986843,162.94373,110.61772,179.5055,582.1089,114.58175,313.83533,392.01068,152.6664,48.914833,90.51486,91.65866,75.55137,282.87387,71.7287,32.245174,104.08881,74.40659,58.723083,91.70004,115.72861,102.2743
56.943695,39.19769,-3.933592,55.301476,82.517494,42.457962,74.46926,34.971806,123.813354,149.08577,27.133453,92.06164,82.65556,87.87686,46.4075,63.14081,124.94932,68.263794,125.260345,18.391626,64.8427,86.46821,82.94051,41.094143,115.78193,105.61883,99.055595,93.34012,39.70569,114.6718,97.77745,44.629734,82.79497,79.85533,63.52377,82.033646,67.75935,33.90393,162.6074,109.50475,179.1635,583.0033,114.72547,314.0565,390.391,152.86818,48.944263,90.88471,91.612,76.03238,283.77655,71.992775,32.44009,104.25709,74.94261,58.69967,91.85202,116.46127,101.90363
58.60285,39.25417,-3.7923205,56.078594,84.40722,42.408882,74.97773,36.064137,129.11224,152.69164,26.938301,93.254456,85.513954,88.580864,47.93408,65.46058,126.41188,69.85117,127.26913,23.793222,63.449417,88.06065,84.42156,41.04456,119.39375,108.23716,101.21242,94.08946,41.207954,118.197495,98.60961,45.667,83.36709,81.37055,64.36815,83.14741,69.81284,34.86973,166.455,108.11491,181.56519,598.76807,116.99973,318.15714,398.72528,154.5668,48.896854,92.52203,92.32455,76.35428,290.9518,74.21222,33.26571,106.25054,74.33363,60.938145,92.64011,117.98363,104.62008
58.07444,38.800526,-3.9858248,56.79599,83.368645,43.196045,76.1771,35.343273,126.071075,152.21394,27.229645,92.86245,84.97592,88.71195,46.55317,64.62436,126.816795,69.18445,127.453766,19.289478,65.094505,88.375824,84.98567,42.23015,117.51437,107.29386,100.22585,94.7488,40.786846,117.79526,99.12781,45.534554,83.781654,80.214874,64.38159,83.09725,68.63453,32.869354,164.11292,111.73927,177.59833,594.8115,115.55015,317.8128,392.61163,154.29022,49.425014,92.89179,92.57673,77.80296,288.28543,73.02203,33.453575,105.01127,75.77728,60.148964,92.60495,117.58215,103.84967
58.155975,38.8926,-3.925773,56.080757,84.090385,42.9742,76.07571,35.354954,126.89338,151.8483,27.141144,92.72436,84.8917,88.27418,46.722576,64.401634,126.01477,68.88222,127.65073,20.108822,64.776215,88.01847,84.54404,41.50436,117.98244,107.7981,100.8999,94.69194,40.96219,117.37986,98.980125,45.558247,84.128716,80.9345,64.507866,83.09493,68.619675,33.773888,165.30826,110.83875,181.3272,597.56934,115.996994,317.88644,393.1762,155.03377,48.95401,92.63197,92.15052,76.84496,288.84973,72.94788,33.57585,105.82481,75.25729,60.483707,92.72118,118.04428,104.55627
57.176727,40.562477,-3.9412177,57.092056,83.849396,43.279232,75.23611,37.040462,128.19041,155.19768,28.445152,93.996925,86.48096,90.35505,49.636505,66.88518,130.10515,71.72409,131.04619,17.198236,66.4736,88.19749,86.68775,43.111614,120.775246,109.72655,103.00394,96.38595,40.910347,118.01297,100.140305,46.332577,84.171776,80.94568,65.991585,83.279625,70.457085,35.534515,170.2293,114.60688,184.79839,605.22034,118.57317,324.95706,414.56158,155.87856,50.363895,93.71121,95.56391,78.65754,294.09207,75.44931,33.56774,107.00211,76.22375,61.23942,95.16551,117.99875,106.4089
58.071747,40.407375,-3.98644,57.431515,85.09223,43.594566,76.55786,37.64704,127.59844,154.98692,28.755577,95.29649,85.97069,91.02053,49.234936,65.683655,129.00475,71.67146,130.39479,18.752636,66.645226,88.672775,85.77961,43.79988,121.19945,110.450005,102.97897,96.75276,41.882904,118.22144,100.67099,45.54167,84.97421,81.681725,66.70999,85.84663,73.50604,35.97847,171.016,113.62322,185.81438,607.76917,118.43056,327.52246,416.80658,159.95381,50.962585,96.04321,96.28609,78.97643,297.07712,75.46593,34.05633,109.23725,77.15041,60.60392,96.149124,119.16112,106.919235
56.756416,40.382744,-3.9226706,56.790337,84.20895,43.307453,76.14656,37.192127,124.61145,152.69969,28.52456,94.44449,84.01245,91.10499,48.88133,63.85839,127.90895,71.282166,128.69397,17.824045,66.27846,87.36049,83.98936,43.54051,119.32554,109.020905,102.22894,96.484436,41.76779,115.98938,100.12904,44.619392,84.41,81.606895,66.363045,86.2535,74.022446,36.168358,169.26308,113.0235,184.37984,598.8468,117.29682,324.0857,412.9259,159.22296,50.289814,95.05101,96.07787,77.65395,292.984,74.029976,33.242313,108.68151,76.96972,59.28916,95.50906,118.00997,105.382965
56.08285,42.15429,-3.9849799,56.740906,85.490456,43.205532,76.06993,38.576214,127.08286,155.14949,29.055813,95.36464,85.256,91.41936,51.343216,65.25197,128.933,73.08141,131.17961,17.448206,67.63042,87.74932,85.108116,43.204147,122.35047,111.24291,104.97131,98.29001,42.21331,116.3992,101.356575,45.387905,85.53692,83.04702,67.36561,87.298225,75.20799,38.803757,174.40288,115.040085,192.38145,612.8827,120.05181,329.78406,427.2297,161.80745,50.869434,95.8087,97.290924,77.10878,298.08176,75.01901,33.369095,111.37053,77.02026,60.44768,97.30735,119.27183,108.620865
60.339745,40.289017,-3.1059592,57.334248,85.24407,41.217377,73.6522,39.023167,134.10405,153.57283,28.508678,97.04614,86.43019,91.31126,51.451305,67.67533,127.7925,72.76905,129.63577,34.08293,57.326675,88.282524,84.836784,44.19802,124.06352,109.78512,100.977394,92.88953,43.603485,119.94519,99.459724,47.010326,80.28253,83.27606,66.767815,81.90167,77.96766,36.528893,170.64595,102.50471,184.4501,594.48425,117.41842,322.88083,427.0467,156.84186,49.672775,97.262314,95.085724,77.66723,300.63016,78.715775,33.40451,109.32431,73.17177,60.389202,92.87242,117.06221,105.14109
59.60398,40.36855,-3.1609213,56.30672,85.96769,40.837234,74.29237,38.96645,133.97353,155.03745,27.82863,95.65392,87.53903,90.36973,50.87723,67.73195,127.545204,72.90427,129.45796,33.10037,58.63021,87.93444,85.67951,42.2536,124.20683,110.39284,101.901184,94.09213,43.534782,121.008316,100.11052,47.087803,81.51394,83.534164,65.58673,83.021255,78.00188,37.314407,170.50722,103.964226,186.94455,604.08795,119.595436,322.426,422.21445,157.08478,49.709557,96.2945,94.54469,76.534874,298.94708,77.59559,33.807877,109.73386,73.67508,61.651054,93.55824,116.85414,107.00477
60.57377,39.103436,-3.0719779,56.631317,85.493935,41.069164,74.186935,38.17822,134.60916,154.55489,27.247608,95.77278,87.99028,90.29171,50.137424,67.888504,126.70846,72.11416,128.98862,35.47469,56.474045,88.11103,85.35734,42.802414,123.521515,109.72411,100.94647,92.90401,43.737423,121.29911,99.32438,47.340027,80.892235,83.19562,65.77596,81.37886,77.10572,35.90359,168.66261,102.61739,183.7713,601.0823,118.3502,320.8031,417.53354,156.02766,48.87664,96.512985,93.76982,76.65851,297.94504,78.00858,33.779892,108.765335,72.684326,61.637398,91.93926,116.03395,105.84194
66.4373,38.468838,-2.8151305,57.314407,87.51632,38.699135,69.40985,40.64755,150.16998,159.20091,25.764217,99.7899,92.288086,90.91654,54.74683,73.80778,127.44246,75.54044,129.6618,60.067734,44.64362,90.45241,86.23548,42.467964,131.67838,112.41145,100.43315,88.72626,46.348278,129.40027,97.99283,50.659554,76.211876,86.52465,64.98416,78.14287,83.398,36.959373,172.27016,86.2152,181.81769,603.75385,121.94784,321.746,438.95947,153.63622,48.225445,99.022934,92.766365,74.36135,312.49026,86.199684,32.873085,110.42793,66.41237,64.468796,89.29343,114.44371,106.287636
65.037125,38.796345,-2.9185107,57.370598,86.64707,39.64232,71.05682,40.139824,145.52824,157.9895,26.088627,98.86446,90.95593,90.532005,53.784798,72.21612,126.76253,74.819626,129.70319,52.98607,47.92534,90.0591,85.668045,43.157455,129.48573,111.674965,100.40763,89.66982,45.4754,127.12063,98.30377,49.667995,77.38435,85.22613,65.56117,78.90421,82.34017,36.8283,171.38239,91.066216,180.99698,602.8502,120.81029,322.4767,435.37177,154.69112,48.599213,99.167435,93.5314,75.3267,309.2247,84.275215,32.89705,110.013725,68.414185,63.41307,89.986305,114.60668,106.06519
61.887505,39.395493,-3.1646159,56.758865,85.85232,40.297146,72.816475,39.08356,138.06111,155.13988,26.757088,96.92145,88.33752,90.28258,51.918247,69.00861,126.3833,73.440186,129.28787,40.7982,53.65583,88.75173,84.683716,42.88559,125.078125,110.304955,100.83469,91.79869,44.271545,122.604675,99.35126,47.986797,79.75379,83.82331,65.84072,80.743835,78.858795,36.895798,169.258,98.94459,182.5722,600.7815,119.17436,321.7793,425.71075,156.11653,49.050713,97.67996,94.08617,75.611855,302.0172,80.02805,32.896507,109.72259,71.38568,61.71837,91.82875,115.25219,105.87055
59.562515,40.402416,-3.390715,56.54423,85.86431,41.062836,74.62636,38.701313,133.29948,154.9735,27.512224,95.907455,87.335205,90.68194,51.000885,67.40328,127.14796,73.10592,130.09076,31.0412,59.078163,88.35588,84.97929,42.70324,122.784164,110.590675,102.36834,94.517334,43.457764,120.07825,100.48987,47.091816,82.42161,83.39969,66.42135,83.03376,77.161415,37.71266,169.82191,106.00111,186.36172,605.73535,119.52102,323.61618,421.98193,158.43456,49.599663,96.95773,95.35313,76.23795,298.71707,77.345634,33.3704,110.37213,74.11181,61.414345,93.9535,116.63527,107.161385
62.264565,40.098255,-3.3190424,57.027596,86.61582,40.37339,72.281494,40.041206,140.48848,157.25304,27.365406,98.41243,89.30411,91.243904,53.54284,70.52516,127.7779,74.8572,131.37299,42.063095,53.63397,89.58551,85.67238,43.379593,126.91194,112.08507,102.166046,92.51579,44.618443,123.622635,99.76828,48.858425,80.105484,84.97801,66.75078,81.06202,80.356415,38.24443,172.30397,98.67663,186.419,606.1046,121.34475,325.7034,436.46497,157.54137,49.848232,98.769005,95.490555,75.7548,307.01495,81.68599,33.16553,111.32516,71.1709,62.624718,92.89697,115.69826,107.38813
59.91184,41.120922,-3.278085,57.85926,85.93328,42.16943,75.2465,38.918587,132.70541,156.75381,26.99134,97.5595,87.60366,92.538414,51.664814,66.76785,129.33357,75.85108,127.342964,34.790253,59.16488,89.39318,85.44616,43.041374,122.7198,110.37289,102.413734,93.02557,42.90728,120.21001,99.336784,46.18771,82.54635,83.02247,65.61025,85.214806,82.01364,37.150764,168.62569,100.99137,174.98317,599.42236,120.32419,323.28494,426.38495,156.81453,49.758015,96.813,97.20064,78.34375,299.31534,78.76316,32.486225,108.86619,74.75768,61.255074,93.60976,117.084915,103.89948
58.67703,40.428173,-3.5591576,56.915535,85.374344,42.146286,75.776924,38.75149,130.47408,156.11882,26.728092,94.43503,86.907425,89.55335,50.224926,66.63804,126.36663,73.99572,126.59936,29.906744,61.554756,88.9347,83.802086,41.410416,121.10252,110.67203,103.63723,95.26935,43.27613,120.4444,99.12876,45.000587,83.861885,81.86051,65.52285,86.210945,77.6131,37.717392,168.76189,104.76449,178.7362,615.3705,119.63711,323.23508,418.08044,158.42601,49.087563,96.079994,95.154915,77.03831,297.42407,75.434,32.769855,109.520584,74.8117,61.775574,93.58751,117.959274,106.37501
58.30298,39.91826,-3.7357771,57.526722,84.10107,41.809235,74.76492,37.379787,128.61456,154.51012,26.772518,94.96518,86.35124,89.95353,49.48738,65.418465,125.88558,73.05257,125.823044,27.563177,61.371822,88.38462,82.44546,42.3697,119.75962,109.22694,102.83836,93.67837,42.489876,117.07854,97.7291,44.33005,83.843666,80.75408,66.30099,84.392876,75.942795,36.866867,167.99168,105.5929,176.3883,609.4878,117.55389,323.09647,417.87067,158.4276,48.481007,95.56859,95.11117,76.60382,294.62787,75.52053,31.822716,108.70768,74.34727,60.454716,93.27509,117.08734,103.78128
62.319366,39.45959,-3.3113835,57.670082,85.703545,39.440643,71.66077,39.35927,139.60713,157.0482,25.737951,97.27644,89.09457,89.77856,52.184944,69.413795,125.93118,75.31514,125.362045,45.970825,52.666847,89.861,83.4656,41.84533,124.883545,110.42217,101.11083,90.24276,44.354103,123.49338,97.01082,46.741776,79.63466,82.95785,64.78265,82.45301,81.6227,37.258774,168.57848,92.87474,172.95956,605.7238,119.62925,320.74197,426.75323,155.66736,48.31329,97.05231,93.67897,75.01722,303.56693,80.60363,31.617569,109.30548,69.64759,62.2413,90.77263,115.50841,104.21084
58.281467,38.467377,-3.723656,58.362423,83.364395,41.54137,71.6417,38.96477,133.33186,158.88329,27.127565,94.23638,89.35906,88.72154,50.351704,69.449684,129.00587,75.46032,127.24946,32.63632,59.290367,89.42922,87.00231,43.32854,122.793465,110.232285,101.554344,93.615814,43.576744,123.451584,98.41784,46.03484,80.76246,79.54938,65.29438,83.372505,78.61031,35.03705,167.42583,103.27395,166.31909,610.2981,119.12407,322.76636,422.50568,153.78033,50.13541,96.43858,95.08001,78.33551,299.2006,77.97942,32.945763,106.88383,71.88244,62.805088,91.75007,114.07063,105.974846
57.472424,38.994095,-3.9449341,57.995506,84.17014,41.540195,72.86606,38.70534,129.50127,157.51817,27.659847,95.1652,87.59227,90.59028,49.58223,66.60218,128.3318,75.01025,125.89386,27.96806,61.951336,89.08816,85.19397,43.284073,119.9543,110.01535,101.76183,94.00436,42.721886,119.7744,98.38313,44.861282,82.7155,80.852745,65.42207,86.27485,79.27071,36.00859,167.12428,104.95892,170.33466,605.4065,119.219475,322.71918,418.63126,157.43633,50.538364,95.90494,96.152885,77.597885,296.87204,76.55331,33.04958,108.0431,73.74115,61.53508,93.54245,115.16023,105.3728
59.10178,38.703754,-3.5676281,57.286736,85.17577,41.60639,72.86189,38.524166,132.66017,158.24754,26.739388,95.56463,88.52978,90.30729,49.38019,67.149925,127.56008,74.75922,125.36784,34.60734,59.17122,88.94456,85.869545,42.10187,121.73927,110.31298,101.58384,93.24716,43.88902,121.96205,98.592964,46.05217,82.12055,82.68283,64.820885,85.82078,81.281624,36.182037,167.31445,100.21751,172.78134,607.3124,120.51215,321.38275,415.1609,157.28947,49.662804,96.198875,94.73821,76.55006,298.27005,77.333145,33.66404,108.50825,72.40838,62.76602,91.89871,115.250114,106.077286
56.830963,38.731564,-3.8390067,57.297234,84.33338,42.741817,74.62959,37.405415,126.53576,156.77483,27.140835,94.18486,87.152985,90.93719,48.214542,64.64488,128.01395,73.77429,125.24836,25.175356,63.546356,88.17618,85.204796,42.335163,118.78525,109.60135,102.256775,94.80835,42.584915,118.52119,98.76237,44.621975,84.31858,81.66008,65.04475,87.085655,78.08052,35.46768,166.66006,106.54047,172.8775,606.2108,119.13366,321.03867,409.1845,157.88445,49.578136,94.80643,95.577774,77.45611,292.30377,74.726,33.58477,107.42429,75.23004,61.68194,93.32124,115.856575,105.09154
58.827316,37.599518,-3.720034,56.878937,84.97877,42.31303,73.58663,37.28887,132.35204,157.37672,26.22332,94.86041,88.8996,89.71656,49.121098,66.48788,127.38542,73.73844,125.88026,33.9112,60.020348,88.47949,86.83212,41.556183,121.5665,109.58931,100.40044,93.46004,43.29602,122.660545,98.23469,46.501476,82.6497,82.23681,64.12891,85.06805,78.47581,34.2864,166.65077,100.885445,172.37949,604.54224,119.43333,320.18015,409.1542,155.43388,49.723743,95.51674,93.356285,76.38098,297.3915,77.01314,33.918797,107.486534,72.68165,62.725777,91.94766,115.09503,104.87638
57.05332,38.51636,-3.901026,57.374504,84.9986,43.79387,75.804855,36.80211,128.87614,158.68251,26.997643,94.463844,89.25755,90.69982,48.301754,65.841515,129.7126,73.82405,127.36976,25.16949,65.1118,88.566154,88.25245,42.02459,121.1841,110.339806,102.65451,95.907524,42.797306,120.92905,99.36965,45.95819,85.28574,81.842995,65.2833,86.73794,77.42554,34.589336,168.85934,108.28742,175.18048,614.38416,120.1381,324.2189,409.86652,157.23392,50.13275,95.11854,95.204,78.28621,295.98044,75.58969,34.6131,107.83949,75.44476,63.112045,94.01041,116.742004,106.16848
55.467743,38.283413,-4.035588,57.017956,83.77231,45.025692,76.75325,35.38085,122.23594,155.20624,27.553852,93.40233,86.06777,90.41656,46.2159,62.7888,128.07869,71.71551,126.2223,16.96101,68.33801,87.87149,86.4999,42.74058,116.68274,108.326385,101.64988,96.651535,41.539665,117.18564,99.624275,44.557877,86.31606,80.96259,65.251,87.73757,74.21052,33.4115,165.08281,113.00185,174.75601,603.91785,118.282974,322.16196,396.844,157.99532,50.33768,94.013824,95.09452,78.54115,288.90616,72.443054,34.2061,106.53459,77.0851,60.880062,93.74165,116.88727,104.48027
55.667366,38.032566,-4.1026473,56.823944,83.659874,44.272167,75.86893,35.63734,123.921684,155.65923,27.218246,92.34306,86.31914,88.647316,46.059917,63.921516,128.34328,71.61234,126.919975,17.5654,67.85462,88.19661,87.337395,41.889572,117.24143,108.709694,101.84543,96.78422,41.81979,118.91005,99.69724,44.74628,85.71753,80.16663,64.509026,87.163445,73.30014,32.980667,164.59364,113.122795,172.9643,606.53406,118.055145,320.79398,394.5628,156.27753,50.386112,93.683945,94.367294,78.30495,289.90198,72.33624,34.61116,106.2857,76.38985,61.818027,93.702644,116.449524,105.58218
55.86263,39.156925,-4.0470767,57.405815,83.59577,44.350483,75.96196,35.63398,123.796906,155.97908,27.408474,93.15634,86.42345,89.85999,46.734547,63.96273,129.13768,72.01396,126.78916,15.423024,69.06978,88.122215,86.797516,42.517143,118.09786,108.776566,102.184875,97.09204,41.338097,117.70642,99.82197,44.72597,86.02517,80.30357,65.10409,88.09522,73.17199,33.86767,166.27238,115.53445,176.57567,607.55457,118.47342,323.3043,398.93747,157.25894,50.107113,93.262085,95.48949,78.832214,290.21506,73.43267,33.935955,106.507225,76.975914,61.211105,94.4204,117.41843,105.43075
56.113743,39.022556,-4.0367436,57.201294,83.559265,44.77324,75.78313,35.917995,124.23672,155.8085,28.09007,92.893616,85.72958,89.12008,46.084286,63.950558,128.85097,71.74297,127.585625,15.984456,68.71318,88.62064,87.12246,42.837208,118.43992,109.016396,102.361534,97.50397,41.774403,118.5477,99.90324,44.944946,85.7951,80.46862,65.71689,88.01284,72.849884,33.458992,166.39944,115.04345,177.01443,609.0164,118.09424,323.728,396.9748,157.87556,49.996967,94.21215,94.94181,78.90878,291.8887,72.67817,34.597553,106.93423,76.57942,61.21467,93.9506,118.02402,106.08521
56.229713,39.31695,-4.09858,57.91816,83.95906,44.79422,76.44093,36.17571,124.872505,157.27032,28.069977,93.57822,86.97784,89.65504,46.48473,64.83302,130.37946,72.25441,128.43028,14.517076,69.96717,89.221375,88.17263,43.00082,119.34719,109.67417,103.12993,98.00636,41.887985,119.12735,100.70064,45.035397,86.4398,80.34224,65.738785,88.887184,73.23001,33.706264,167.50923,118.00672,177.92773,614.8298,119.073204,325.863,399.80957,158.21475,50.746616,94.33424,96.1416,79.78464,293.4719,73.624245,34.977604,107.279945,77.376495,61.872715,95.31764,118.29349,106.978775
